texture_stem,region_folder,stage,img_strcode
00005011.img,fr,r_sna01,005011
00005011.img,fr,r_sna02,005011
00005011.img,gr,r_sna01,005011
00005011.img,gr,r_sna02,005011
00005011.img,it,r_sna01,005011
00005011.img,it,r_sna02,005011
00005011.img,jp,r_sna01,005011
00005011.img,jp,r_sna02,005011
00005011.img,sp,r_sna01,005011
00005011.img,sp,r_sna02,005011
0003a157.img,fr,facepaint-brown,03a157
0003a157.img,gr,facepaint-brown,03a157
0003a157.img,it,facepaint-brown,03a157
0003a157.img,jp,facepaint-brown,03a157
0003a157.img,sp,facepaint-brown,03a157
0003a157.img_03f17ff9395846ea5bf936552c3b988a,fr,facepaint-national_sv_vr,03a157
0003a157.img_03f17ff9395846ea5bf936552c3b988a,gr,facepaint-national_sv_vr,03a157
0003a157.img_03f17ff9395846ea5bf936552c3b988a,it,facepaint-national_sv_vr,03a157
0003a157.img_03f17ff9395846ea5bf936552c3b988a,jp,facepaint-national_sv_vr,03a157
0003a157.img_03f17ff9395846ea5bf936552c3b988a,sp,facepaint-national_sv_vr,03a157
0003a157.img_072734442395aa77b4dc73a300e14635,fr,facepaint-wood,03a157
0003a157.img_072734442395aa77b4dc73a300e14635,gr,facepaint-wood,03a157
0003a157.img_072734442395aa77b4dc73a300e14635,it,facepaint-wood,03a157
0003a157.img_072734442395aa77b4dc73a300e14635,jp,facepaint-wood,03a157
0003a157.img_072734442395aa77b4dc73a300e14635,sp,facepaint-wood,03a157
0003a157.img_079c21f87c2396e85d5f7c82637e7352,fr,facepaint-zomb,03a157
0003a157.img_079c21f87c2396e85d5f7c82637e7352,gr,facepaint-zomb,03a157
0003a157.img_079c21f87c2396e85d5f7c82637e7352,it,facepaint-zomb,03a157
0003a157.img_079c21f87c2396e85d5f7c82637e7352,jp,facepaint-zomb,03a157
0003a157.img_079c21f87c2396e85d5f7c82637e7352,sp,facepaint-zomb,03a157
0003a157.img_185cf90c2eaa2eef3aeb870ec4834671,fr,facepaint-national_sv,03a157
0003a157.img_185cf90c2eaa2eef3aeb870ec4834671,gr,facepaint-national_sv,03a157
0003a157.img_185cf90c2eaa2eef3aeb870ec4834671,it,facepaint-national_sv,03a157
0003a157.img_185cf90c2eaa2eef3aeb870ec4834671,jp,facepaint-national_sv,03a157
0003a157.img_185cf90c2eaa2eef3aeb870ec4834671,sp,facepaint-national_sv,03a157
0003a157.img_1ba470027dacd7c10adf661610dc04e1,fr,facepaint-mount,03a157
0003a157.img_1ba470027dacd7c10adf661610dc04e1,gr,facepaint-mount,03a157
0003a157.img_1ba470027dacd7c10adf661610dc04e1,it,facepaint-mount,03a157
0003a157.img_1ba470027dacd7c10adf661610dc04e1,jp,facepaint-mount,03a157
0003a157.img_1ba470027dacd7c10adf661610dc04e1,sp,facepaint-mount,03a157
0003a157.img_1ece3f27cf607206241327a91b57c89d,fr,facepaint-national_fr,03a157
0003a157.img_1ece3f27cf607206241327a91b57c89d,gr,facepaint-national_fr,03a157
0003a157.img_1ece3f27cf607206241327a91b57c89d,it,facepaint-national_fr,03a157
0003a157.img_1ece3f27cf607206241327a91b57c89d,jp,facepaint-national_fr,03a157
0003a157.img_1ece3f27cf607206241327a91b57c89d,sp,facepaint-national_fr,03a157
0003a157.img_2be35633bee586cebc75a438f0e6e4e2,fr,facepaint-green,03a157
0003a157.img_2be35633bee586cebc75a438f0e6e4e2,gr,facepaint-green,03a157
0003a157.img_2be35633bee586cebc75a438f0e6e4e2,it,facepaint-green,03a157
0003a157.img_2be35633bee586cebc75a438f0e6e4e2,jp,facepaint-green,03a157
0003a157.img_2be35633bee586cebc75a438f0e6e4e2,sp,facepaint-green,03a157
0003a157.img_3175e6874d78a2e57eb432e68c004751,fr,facepaint-kabuki_vr,03a157
0003a157.img_3175e6874d78a2e57eb432e68c004751,gr,facepaint-kabuki_vr,03a157
0003a157.img_3175e6874d78a2e57eb432e68c004751,it,facepaint-kabuki_vr,03a157
0003a157.img_3175e6874d78a2e57eb432e68c004751,jp,facepaint-kabuki_vr,03a157
0003a157.img_3175e6874d78a2e57eb432e68c004751,sp,facepaint-kabuki_vr,03a157
0003a157.img_335003ac512d622e8ff81548074823df,fr,facepaint-split,03a157
0003a157.img_335003ac512d622e8ff81548074823df,gr,facepaint-split,03a157
0003a157.img_335003ac512d622e8ff81548074823df,it,facepaint-split,03a157
0003a157.img_335003ac512d622e8ff81548074823df,jp,facepaint-split,03a157
0003a157.img_335003ac512d622e8ff81548074823df,sp,facepaint-split,03a157
0003a157.img_40340683d6a287e2af39d3760e2162ee,fr,facepaint-national_us_vr,03a157
0003a157.img_40340683d6a287e2af39d3760e2162ee,gr,facepaint-national_us_vr,03a157
0003a157.img_40340683d6a287e2af39d3760e2162ee,it,facepaint-national_us_vr,03a157
0003a157.img_40340683d6a287e2af39d3760e2162ee,jp,facepaint-national_us_vr,03a157
0003a157.img_40340683d6a287e2af39d3760e2162ee,sp,facepaint-national_us_vr,03a157
0003a157.img_42c8b0bc2f3455093d90a25729ed91b4,fr,facepaint-national_it,03a157
0003a157.img_42c8b0bc2f3455093d90a25729ed91b4,gr,facepaint-national_it,03a157
0003a157.img_42c8b0bc2f3455093d90a25729ed91b4,it,facepaint-national_it,03a157
0003a157.img_42c8b0bc2f3455093d90a25729ed91b4,jp,facepaint-national_it,03a157
0003a157.img_42c8b0bc2f3455093d90a25729ed91b4,sp,facepaint-national_it,03a157
0003a157.img_4344dd0f107c82e1ab241f4f84165e45,fr,facepaint-green_vr,03a157
0003a157.img_4344dd0f107c82e1ab241f4f84165e45,gr,facepaint-green_vr,03a157
0003a157.img_4344dd0f107c82e1ab241f4f84165e45,it,facepaint-green_vr,03a157
0003a157.img_4344dd0f107c82e1ab241f4f84165e45,jp,facepaint-green_vr,03a157
0003a157.img_4344dd0f107c82e1ab241f4f84165e45,sp,facepaint-green_vr,03a157
0003a157.img_4b9c199f7524b4531a399cdcae08fec1,fr,facepaint-water,03a157
0003a157.img_4b9c199f7524b4531a399cdcae08fec1,gr,facepaint-water,03a157
0003a157.img_4b9c199f7524b4531a399cdcae08fec1,it,facepaint-water,03a157
0003a157.img_4b9c199f7524b4531a399cdcae08fec1,jp,facepaint-water,03a157
0003a157.img_4b9c199f7524b4531a399cdcae08fec1,sp,facepaint-water,03a157
0003a157.img_4ca343a31ddc4dfa5528cda5ec7f111b,fr,facepaint-kabuki,03a157
0003a157.img_4ca343a31ddc4dfa5528cda5ec7f111b,gr,facepaint-kabuki,03a157
0003a157.img_4ca343a31ddc4dfa5528cda5ec7f111b,it,facepaint-kabuki,03a157
0003a157.img_4ca343a31ddc4dfa5528cda5ec7f111b,jp,facepaint-kabuki,03a157
0003a157.img_4ca343a31ddc4dfa5528cda5ec7f111b,sp,facepaint-kabuki,03a157
0003a157.img_4f9b6c4f12bbb06f5abff743fcd1085c,fr,facepaint-snow,03a157
0003a157.img_4f9b6c4f12bbb06f5abff743fcd1085c,gr,facepaint-snow,03a157
0003a157.img_4f9b6c4f12bbb06f5abff743fcd1085c,it,facepaint-snow,03a157
0003a157.img_4f9b6c4f12bbb06f5abff743fcd1085c,jp,facepaint-snow,03a157
0003a157.img_4f9b6c4f12bbb06f5abff743fcd1085c,sp,facepaint-snow,03a157
0003a157.img_5667dcc8ac21297c981a8ec40fbe8c19,fr,facepaint-national_sw_vr,03a157
0003a157.img_5667dcc8ac21297c981a8ec40fbe8c19,gr,facepaint-national_sw_vr,03a157
0003a157.img_5667dcc8ac21297c981a8ec40fbe8c19,it,facepaint-national_sw_vr,03a157
0003a157.img_5667dcc8ac21297c981a8ec40fbe8c19,jp,facepaint-national_sw_vr,03a157
0003a157.img_5667dcc8ac21297c981a8ec40fbe8c19,sp,facepaint-national_sw_vr,03a157
0003a157.img_56df4e5f35dee2941e00cbdcacd04fd1,fr,facepaint-zomb_vr,03a157
0003a157.img_56df4e5f35dee2941e00cbdcacd04fd1,gr,facepaint-zomb_vr,03a157
0003a157.img_56df4e5f35dee2941e00cbdcacd04fd1,it,facepaint-zomb_vr,03a157
0003a157.img_56df4e5f35dee2941e00cbdcacd04fd1,jp,facepaint-zomb_vr,03a157
0003a157.img_56df4e5f35dee2941e00cbdcacd04fd1,sp,facepaint-zomb_vr,03a157
0003a157.img_5aab7ee976ca7144ad954ec48d7f93a4,fr,facepaint-water_vr,03a157
0003a157.img_5aab7ee976ca7144ad954ec48d7f93a4,gr,facepaint-water_vr,03a157
0003a157.img_5aab7ee976ca7144ad954ec48d7f93a4,it,facepaint-water_vr,03a157
0003a157.img_5aab7ee976ca7144ad954ec48d7f93a4,jp,facepaint-water_vr,03a157
0003a157.img_5aab7ee976ca7144ad954ec48d7f93a4,sp,facepaint-water_vr,03a157
0003a157.img_68d061fb998272c35600430d51659598,fr,facepaint-national_sp,03a157
0003a157.img_68d061fb998272c35600430d51659598,gr,facepaint-national_sp,03a157
0003a157.img_68d061fb998272c35600430d51659598,it,facepaint-national_sp,03a157
0003a157.img_68d061fb998272c35600430d51659598,jp,facepaint-national_sp,03a157
0003a157.img_68d061fb998272c35600430d51659598,sp,facepaint-national_sp,03a157
0003a157.img_70d31f246558c4f580b0374defb6bdb2,fr,facepaint-national_jp_vr,03a157
0003a157.img_70d31f246558c4f580b0374defb6bdb2,gr,facepaint-national_jp_vr,03a157
0003a157.img_70d31f246558c4f580b0374defb6bdb2,it,facepaint-national_jp_vr,03a157
0003a157.img_70d31f246558c4f580b0374defb6bdb2,jp,facepaint-national_jp_vr,03a157
0003a157.img_70d31f246558c4f580b0374defb6bdb2,sp,facepaint-national_jp_vr,03a157
0003a157.img_7f44ac4b5710b0a4e618d21d87b63de1,fr,facepaint-wood_vr,03a157
0003a157.img_7f44ac4b5710b0a4e618d21d87b63de1,gr,facepaint-wood_vr,03a157
0003a157.img_7f44ac4b5710b0a4e618d21d87b63de1,it,facepaint-wood_vr,03a157
0003a157.img_7f44ac4b5710b0a4e618d21d87b63de1,jp,facepaint-wood_vr,03a157
0003a157.img_7f44ac4b5710b0a4e618d21d87b63de1,sp,facepaint-wood_vr,03a157
0003a157.img_89fb46309dec3e73cf0af435d75612bc,fr,facepaint-mount_vr,03a157
0003a157.img_89fb46309dec3e73cf0af435d75612bc,gr,facepaint-mount_vr,03a157
0003a157.img_89fb46309dec3e73cf0af435d75612bc,it,facepaint-mount_vr,03a157
0003a157.img_89fb46309dec3e73cf0af435d75612bc,jp,facepaint-mount_vr,03a157
0003a157.img_89fb46309dec3e73cf0af435d75612bc,sp,facepaint-mount_vr,03a157
0003a157.img_8a1bf389847c5277575f65a87d707776,fr,facepaint-national_gr,03a157
0003a157.img_8a1bf389847c5277575f65a87d707776,gr,facepaint-national_gr,03a157
0003a157.img_8a1bf389847c5277575f65a87d707776,it,facepaint-national_gr,03a157
0003a157.img_8a1bf389847c5277575f65a87d707776,jp,facepaint-national_gr,03a157
0003a157.img_8a1bf389847c5277575f65a87d707776,sp,facepaint-national_gr,03a157
0003a157.img_8ce501972e9b7908be5585cdfc2be0a4,fr,facepaint-national_us,03a157
0003a157.img_8ce501972e9b7908be5585cdfc2be0a4,gr,facepaint-national_us,03a157
0003a157.img_8ce501972e9b7908be5585cdfc2be0a4,it,facepaint-national_us,03a157
0003a157.img_8ce501972e9b7908be5585cdfc2be0a4,jp,facepaint-national_us,03a157
0003a157.img_8ce501972e9b7908be5585cdfc2be0a4,sp,facepaint-national_us,03a157
0003a157.img_8e47400085fdb32a4b0d7074929174f7,fr,facepaint-national_it_vr,03a157
0003a157.img_8e47400085fdb32a4b0d7074929174f7,gr,facepaint-national_it_vr,03a157
0003a157.img_8e47400085fdb32a4b0d7074929174f7,it,facepaint-national_it_vr,03a157
0003a157.img_8e47400085fdb32a4b0d7074929174f7,jp,facepaint-national_it_vr,03a157
0003a157.img_8e47400085fdb32a4b0d7074929174f7,sp,facepaint-national_it_vr,03a157
0003a157.img_938598d4a616f43eebbcf7870bb3a641,fr,facepaint-blk,03a157
0003a157.img_938598d4a616f43eebbcf7870bb3a641,gr,facepaint-blk,03a157
0003a157.img_938598d4a616f43eebbcf7870bb3a641,it,facepaint-blk,03a157
0003a157.img_938598d4a616f43eebbcf7870bb3a641,jp,facepaint-blk,03a157
0003a157.img_938598d4a616f43eebbcf7870bb3a641,sp,facepaint-blk,03a157
0003a157.img_b5f0a7ccc931259672c395e02daf5c4a,fr,facepaint-national_sp_vr,03a157
0003a157.img_b5f0a7ccc931259672c395e02daf5c4a,gr,facepaint-national_sp_vr,03a157
0003a157.img_b5f0a7ccc931259672c395e02daf5c4a,it,facepaint-national_sp_vr,03a157
0003a157.img_b5f0a7ccc931259672c395e02daf5c4a,jp,facepaint-national_sp_vr,03a157
0003a157.img_b5f0a7ccc931259672c395e02daf5c4a,sp,facepaint-national_sp_vr,03a157
0003a157.img_b8e21cf55f0d808db1b31817da1b8d12,fr,facepaint-snow_vr,03a157
0003a157.img_b8e21cf55f0d808db1b31817da1b8d12,gr,facepaint-snow_vr,03a157
0003a157.img_b8e21cf55f0d808db1b31817da1b8d12,it,facepaint-snow_vr,03a157
0003a157.img_b8e21cf55f0d808db1b31817da1b8d12,jp,facepaint-snow_vr,03a157
0003a157.img_b8e21cf55f0d808db1b31817da1b8d12,sp,facepaint-snow_vr,03a157
0003a157.img_bcf56bfe3db15abfc750268e7f5174c7,fr,facepaint-oyama,03a157
0003a157.img_bcf56bfe3db15abfc750268e7f5174c7,gr,facepaint-oyama,03a157
0003a157.img_bcf56bfe3db15abfc750268e7f5174c7,it,facepaint-oyama,03a157
0003a157.img_bcf56bfe3db15abfc750268e7f5174c7,jp,facepaint-oyama,03a157
0003a157.img_bcf56bfe3db15abfc750268e7f5174c7,sp,facepaint-oyama,03a157
0003a157.img_c5891bd5da126da6f5e76224cbcd00b0,fr,facepaint-national_uk_vr,03a157
0003a157.img_c5891bd5da126da6f5e76224cbcd00b0,gr,facepaint-national_uk_vr,03a157
0003a157.img_c5891bd5da126da6f5e76224cbcd00b0,it,facepaint-national_uk_vr,03a157
0003a157.img_c5891bd5da126da6f5e76224cbcd00b0,jp,facepaint-national_uk_vr,03a157
0003a157.img_c5891bd5da126da6f5e76224cbcd00b0,sp,facepaint-national_uk_vr,03a157
0003a157.img_cb75a58f0c068f44d888ce45e65894af,fr,facepaint-national_sw,03a157
0003a157.img_cb75a58f0c068f44d888ce45e65894af,gr,facepaint-national_sw,03a157
0003a157.img_cb75a58f0c068f44d888ce45e65894af,it,facepaint-national_sw,03a157
0003a157.img_cb75a58f0c068f44d888ce45e65894af,jp,facepaint-national_sw,03a157
0003a157.img_cb75a58f0c068f44d888ce45e65894af,sp,facepaint-national_sw,03a157
0003a157.img_e24452b395efe665c10dd879c9efd649,fr,facepaint-infinity,03a157
0003a157.img_e24452b395efe665c10dd879c9efd649,gr,facepaint-infinity,03a157
0003a157.img_e24452b395efe665c10dd879c9efd649,it,facepaint-infinity,03a157
0003a157.img_e24452b395efe665c10dd879c9efd649,jp,facepaint-infinity,03a157
0003a157.img_e24452b395efe665c10dd879c9efd649,sp,facepaint-infinity,03a157
0003a157.img_e4856e14c95d0d7d93a4ef11546df433,fr,facepaint-national_gr_vr,03a157
0003a157.img_e4856e14c95d0d7d93a4ef11546df433,gr,facepaint-national_gr_vr,03a157
0003a157.img_e4856e14c95d0d7d93a4ef11546df433,it,facepaint-national_gr_vr,03a157
0003a157.img_e4856e14c95d0d7d93a4ef11546df433,jp,facepaint-national_gr_vr,03a157
0003a157.img_e4856e14c95d0d7d93a4ef11546df433,sp,facepaint-national_gr_vr,03a157
0003a157.img_e88c0cb5c7f3449120f1f1f62980cdf0,fr,facepaint-oyama_vr,03a157
0003a157.img_e88c0cb5c7f3449120f1f1f62980cdf0,gr,facepaint-oyama_vr,03a157
0003a157.img_e88c0cb5c7f3449120f1f1f62980cdf0,it,facepaint-oyama_vr,03a157
0003a157.img_e88c0cb5c7f3449120f1f1f62980cdf0,jp,facepaint-oyama_vr,03a157
0003a157.img_e88c0cb5c7f3449120f1f1f62980cdf0,sp,facepaint-oyama_vr,03a157
0003a157.img_f0a023edf77daaaa485f569e28b23488,fr,facepaint-national_fr_vr,03a157
0003a157.img_f0a023edf77daaaa485f569e28b23488,gr,facepaint-national_fr_vr,03a157
0003a157.img_f0a023edf77daaaa485f569e28b23488,it,facepaint-national_fr_vr,03a157
0003a157.img_f0a023edf77daaaa485f569e28b23488,jp,facepaint-national_fr_vr,03a157
0003a157.img_f0a023edf77daaaa485f569e28b23488,sp,facepaint-national_fr_vr,03a157
0003a157.img_f327b39ad21edb1d0512ebe14c8315c5,fr,facepaint-national_jp,03a157
0003a157.img_f327b39ad21edb1d0512ebe14c8315c5,gr,facepaint-national_jp,03a157
0003a157.img_f327b39ad21edb1d0512ebe14c8315c5,it,facepaint-national_jp,03a157
0003a157.img_f327b39ad21edb1d0512ebe14c8315c5,jp,facepaint-national_jp,03a157
0003a157.img_f327b39ad21edb1d0512ebe14c8315c5,sp,facepaint-national_jp,03a157
0003a157.img_f338b1aa17146d40502eb55896857452,fr,facepaint-infinity_vr,03a157
0003a157.img_f338b1aa17146d40502eb55896857452,gr,facepaint-infinity_vr,03a157
0003a157.img_f338b1aa17146d40502eb55896857452,it,facepaint-infinity_vr,03a157
0003a157.img_f338b1aa17146d40502eb55896857452,jp,facepaint-infinity_vr,03a157
0003a157.img_f338b1aa17146d40502eb55896857452,sp,facepaint-infinity_vr,03a157
0003a157.img_f3a959460eba4c009e7c4033581abb86,fr,facepaint-national_uk,03a157
0003a157.img_f3a959460eba4c009e7c4033581abb86,gr,facepaint-national_uk,03a157
0003a157.img_f3a959460eba4c009e7c4033581abb86,it,facepaint-national_uk,03a157
0003a157.img_f3a959460eba4c009e7c4033581abb86,jp,facepaint-national_uk,03a157
0003a157.img_f3a959460eba4c009e7c4033581abb86,sp,facepaint-national_uk,03a157
0003a157.img_f4d589d12767497bfeb21185f0ec710b,fr,facepaint-split_vr,03a157
0003a157.img_f4d589d12767497bfeb21185f0ec710b,gr,facepaint-split_vr,03a157
0003a157.img_f4d589d12767497bfeb21185f0ec710b,it,facepaint-split_vr,03a157
0003a157.img_f4d589d12767497bfeb21185f0ec710b,jp,facepaint-split_vr,03a157
0003a157.img_f4d589d12767497bfeb21185f0ec710b,sp,facepaint-split_vr,03a157
0003a157.img_f86a2cbae5c969c4f37a6ef62ff21901,fr,facepaint-blk_vr,03a157
0003a157.img_f86a2cbae5c969c4f37a6ef62ff21901,gr,facepaint-blk_vr,03a157
0003a157.img_f86a2cbae5c969c4f37a6ef62ff21901,it,facepaint-blk_vr,03a157
0003a157.img_f86a2cbae5c969c4f37a6ef62ff21901,jp,facepaint-blk_vr,03a157
0003a157.img_f86a2cbae5c969c4f37a6ef62ff21901,sp,facepaint-blk_vr,03a157
0003a157.img_fe7cce545d819c784fd506cca4c9d7d8,fr,facepaint-brown_vr,03a157
0003a157.img_fe7cce545d819c784fd506cca4c9d7d8,gr,facepaint-brown_vr,03a157
0003a157.img_fe7cce545d819c784fd506cca4c9d7d8,it,facepaint-brown_vr,03a157
0003a157.img_fe7cce545d819c784fd506cca4c9d7d8,jp,facepaint-brown_vr,03a157
0003a157.img_fe7cce545d819c784fd506cca4c9d7d8,sp,facepaint-brown_vr,03a157
000589dd.img,fr,r_sna01,0589dd
000589dd.img,fr,r_sna02,0589dd
000589dd.img,gr,r_sna01,0589dd
000589dd.img,gr,r_sna02,0589dd
000589dd.img,it,r_sna01,0589dd
000589dd.img,it,r_sna02,0589dd
000589dd.img,jp,r_sna01,0589dd
000589dd.img,jp,r_sna02,0589dd
000589dd.img,sp,r_sna01,0589dd
000589dd.img,sp,r_sna02,0589dd
00064917.img,fr,r_sna01,064917
00064917.img,fr,r_sna02,064917
00064917.img,gr,r_sna01,064917
00064917.img,gr,r_sna02,064917
00064917.img,it,r_sna01,064917
00064917.img,it,r_sna02,064917
00064917.img,jp,r_sna01,064917
00064917.img,jp,r_sna02,064917
00064917.img,sp,r_sna01,064917
00064917.img,sp,r_sna02,064917
0007080a.img,fr,r_sna01,07080a
0007080a.img,fr,r_sna02,07080a
0007080a.img,gr,r_sna01,07080a
0007080a.img,gr,r_sna02,07080a
0007080a.img,it,r_sna01,07080a
0007080a.img,it,r_sna02,07080a
0007080a.img,jp,r_sna01,07080a
0007080a.img,jp,r_sna02,07080a
0007080a.img,sp,r_sna01,07080a
0007080a.img,sp,r_sna02,07080a
00078701.img,fr,charaview-normal,078701
00078701.img,gr,charaview-normal,078701
00078701.img,it,charaview-normal,078701
00078701.img,jp,charaview-normal,078701
00078701.img,sp,charaview-normal,078701
000bac79.img,fr,charaview-normal,0bac79
000bac79.img,gr,charaview-normal,0bac79
000bac79.img,it,charaview-normal,0bac79
000bac79.img,jp,charaview-normal,0bac79
000bac79.img,sp,charaview-normal,0bac79
000baecd.img,fr,r_sna01,0baecd
000baecd.img,fr,r_sna02,0baecd
000baecd.img,gr,r_sna01,0baecd
000baecd.img,gr,r_sna02,0baecd
000baecd.img,it,r_sna01,0baecd
000baecd.img,it,r_sna02,0baecd
000baecd.img,jp,r_sna01,0baecd
000baecd.img,jp,r_sna02,0baecd
000baecd.img,sp,r_sna01,0baecd
000baecd.img,sp,r_sna02,0baecd
000ecbfd.img,fr,charaview-normal,0ecbfd
000ecbfd.img,gr,charaview-normal,0ecbfd
000ecbfd.img,it,charaview-normal,0ecbfd
000ecbfd.img,jp,charaview-normal,0ecbfd
000ecbfd.img,sp,charaview-normal,0ecbfd
00104da1.img,fr,charaview-normal,104da1
00104da1.img,gr,charaview-normal,104da1
00104da1.img,it,charaview-normal,104da1
00104da1.img,jp,charaview-normal,104da1
00104da1.img,sp,charaview-normal,104da1
0010eab5.img,fr,r_sna01,10eab5
0010eab5.img,fr,r_sna02,10eab5
0010eab5.img,gr,r_sna01,10eab5
0010eab5.img,gr,r_sna02,10eab5
0010eab5.img,it,r_sna01,10eab5
0010eab5.img,it,r_sna02,10eab5
0010eab5.img,jp,r_sna01,10eab5
0010eab5.img,jp,r_sna02,10eab5
0010eab5.img,sp,r_sna01,10eab5
0010eab5.img,sp,r_sna02,10eab5
0013def6.img,fr,r_sna01,13def6
0013def6.img,fr,r_sna02,13def6
0013def6.img,gr,r_sna01,13def6
0013def6.img,gr,r_sna02,13def6
0013def6.img,it,r_sna01,13def6
0013def6.img,it,r_sna02,13def6
0013def6.img,jp,r_sna01,13def6
0013def6.img,jp,r_sna02,13def6
0013def6.img,sp,r_sna01,13def6
0013def6.img,sp,r_sna02,13def6
0016829d.img,fr,r_sna01,16829d
0016829d.img,fr,r_sna02,16829d
0016829d.img,gr,r_sna01,16829d
0016829d.img,gr,r_sna02,16829d
0016829d.img,it,r_sna01,16829d
0016829d.img,it,r_sna02,16829d
0016829d.img,jp,r_sna01,16829d
0016829d.img,jp,r_sna02,16829d
0016829d.img,sp,r_sna01,16829d
0016829d.img,sp,r_sna02,16829d
0016ae13.img,fr,r_sna01,16ae13
0016ae13.img,fr,r_sna02,16ae13
0016ae13.img,gr,r_sna01,16ae13
0016ae13.img,gr,r_sna02,16ae13
0016ae13.img,it,r_sna01,16ae13
0016ae13.img,it,r_sna02,16ae13
0016ae13.img,jp,r_sna01,16ae13
0016ae13.img,jp,r_sna02,16ae13
0016ae13.img,sp,r_sna01,16ae13
0016ae13.img,sp,r_sna02,16ae13
0018c9cf.img,fr,s001a,18c9cf
0018c9cf.img,fr,s003a,18c9cf
0018c9cf.img,fr,v001a,18c9cf
0018c9cf.img,fr,v003a,18c9cf
0018c9d7.img,fr,s012a,18c9d7
0018c9d7.img,fr,s021a,18c9d7
0018c9d7.img,fr,s022a,18c9d7
0018c9db.img,fr,s023a_0,18c9db
0018c9db.img,fr,s031a,18c9db
0018c9db.img,fr,s032a,18c9db
0018c9db.img,fr,s211a_0,18c9db
0018c9df.img,fr,s033a,18c9df
0018c9df.img,fr,s041a,18c9df
0018c9df.img,fr,s042a,18c9df
0018c9df.img,fr,s043a,18c9df
0018c9e3.img,fr,s044a,18c9e3
0018c9e3.img,fr,s051a,18c9e3
0018c9e3.img,fr,s051b,18c9e3
0018c9e3.img,fr,s052a,18c9e3
0018c9e7.img,fr,s045a,18c9e7
0018c9e7.img,fr,s061a,18c9e7
0018c9e7.img,fr,s062a,18c9e7
0018c9e7.img,fr,s063a,18c9e7
0018c9e7.img,fr,s063b,18c9e7
0018c9eb.img,fr,s066a,18c9eb
0018c9eb.img,fr,s071a,18c9eb
0018c9eb.img,fr,s072a,18c9eb
0018c9eb.img,fr,s072b,18c9eb
0018c9ef.img,fr,s073a,18c9ef
0018c9ef.img,fr,s073b,18c9ef
0018c9ef.img,fr,s081a,18c9ef
0018c9f3.img,fr,s081a,18c9f3
0018c9f3.img,fr,s091a,18c9f3
0018c9f3.img,fr,s091b,18c9f3
0018c9f3.img,fr,s091c,18c9f3
0018c9f3.img,fr,s092a,18c9f3
0018c9f3.img,fr,s092b,18c9f3
0018c9f3.img,fr,s092c,18c9f3
0018c9f3.img,fr,s093a,18c9f3
0018c9f3.img,fr,s093b,18c9f3
0018c9f3.img,fr,s093c,18c9f3
0018c9f3.img,fr,s094a,18c9f3
0018c9f3.img,fr,s094b,18c9f3
0018c9f3.img,fr,s094c,18c9f3
0018ca4f.img,fr,s093a,18ca4f
0018ca4f.img,fr,s093b,18ca4f
0018ca4f.img,fr,s093c,18ca4f
0018ca4f.img,fr,s101a,18ca4f
0018ca4f.img,fr,s101b,18ca4f
0018ca4f.img,fr,s121a,18ca4f
0018ca53.img,fr,s111a,18ca53
0018ca53.img,fr,s121a,18ca53
0018ca57.img,fr,s101a,18ca57
0018ca57.img,fr,s101b,18ca57
0018ca57.img,fr,s111a,18ca57
0018ca57.img,fr,s121a,18ca57
0018ca63.img,fr,s151a,18ca63
0018ca63.img,fr,s152a,18ca63
0018ca67.img,fr,s161a,18ca67
0018ca6b.img,fr,s163b,18ca6b
0018ca6b.img,fr,s171a,18ca6b
0018ca6b.img,fr,s171b,18ca6b
0018ca6f.img,fr,s181a,18ca6f
0018ca73.img,fr,s183a,18ca73
0018ca73.img,fr,s191a,18ca73
0018ca73.img,fr,s191b,18ca73
0018cacf.img,fr,s192a,18cacf
0018cacf.img,fr,s201a,18cacf
0018cad3.img,fr,s211a,18cad3
001a9cc0.img,fr,r_sna01,1a9cc0
001a9cc0.img,fr,r_sna02,1a9cc0
001a9cc0.img,gr,r_sna01,1a9cc0
001a9cc0.img,gr,r_sna02,1a9cc0
001a9cc0.img,it,r_sna01,1a9cc0
001a9cc0.img,it,r_sna02,1a9cc0
001a9cc0.img,jp,r_sna01,1a9cc0
001a9cc0.img,jp,r_sna02,1a9cc0
001a9cc0.img,sp,r_sna01,1a9cc0
001a9cc0.img,sp,r_sna02,1a9cc0
001ba28f.img,fr,charaview-normal,1ba28f
001ba28f.img,gr,charaview-normal,1ba28f
001ba28f.img,it,charaview-normal,1ba28f
001ba28f.img,jp,charaview-normal,1ba28f
001ba28f.img,sp,charaview-normal,1ba28f
001c8f27.img,fr,r_sna01,1c8f27
001c8f27.img,fr,r_sna02,1c8f27
001c8f27.img,gr,r_sna01,1c8f27
001c8f27.img,gr,r_sna02,1c8f27
001c8f27.img,it,r_sna01,1c8f27
001c8f27.img,it,r_sna02,1c8f27
001c8f27.img,jp,r_sna01,1c8f27
001c8f27.img,jp,r_sna02,1c8f27
001c8f27.img,sp,r_sna01,1c8f27
001c8f27.img,sp,r_sna02,1c8f27
0020e365.img,fr,r_sna01,20e365
0020e365.img,fr,r_sna02,20e365
0020e365.img,gr,r_sna01,20e365
0020e365.img,gr,r_sna02,20e365
0020e365.img,it,r_sna01,20e365
0020e365.img,it,r_sna02,20e365
0020e365.img,jp,r_sna01,20e365
0020e365.img,jp,r_sna02,20e365
0020e365.img,sp,r_sna01,20e365
0020e365.img,sp,r_sna02,20e365
002b5ada.img,fr,r_sna01,2b5ada
002b5ada.img,fr,r_sna02,2b5ada
002b5ada.img,gr,r_sna01,2b5ada
002b5ada.img,gr,r_sna02,2b5ada
002b5ada.img,it,r_sna01,2b5ada
002b5ada.img,it,r_sna02,2b5ada
002b5ada.img,jp,r_sna01,2b5ada
002b5ada.img,jp,r_sna02,2b5ada
002b5ada.img,sp,r_sna01,2b5ada
002b5ada.img,sp,r_sna02,2b5ada
002cb85e.img,fr,r_sna01,2cb85e
002cb85e.img,fr,r_sna02,2cb85e
002cb85e.img,gr,r_sna01,2cb85e
002cb85e.img,gr,r_sna02,2cb85e
002cb85e.img,it,r_sna01,2cb85e
002cb85e.img,it,r_sna02,2cb85e
002cb85e.img,jp,r_sna01,2cb85e
002cb85e.img,jp,r_sna02,2cb85e
002cb85e.img,sp,r_sna01,2cb85e
002cb85e.img,sp,r_sna02,2cb85e
00306be9,fr,s001a,306be9
00306be9,fr,s003a,306be9
00306be9,fr,v001a,306be9
00306be9,fr,v003a,306be9
00306c69,fr,s002a,306c69
00306c69,fr,s004a,306c69
00306ce9,fr,s001a,306ce9
00306ce9,fr,s003a,306ce9
00306ce9,fr,s004a,306ce9
00306ce9,fr,v001a,306ce9
00306ce9,fr,v003a,306ce9
00306ce9,fr,v004a,306ce9
00306d69,fr,s002a,306d69
00306d69,fr,s003a,306d69
00306d69,fr,s004a,306d69
00306d69,fr,s005a,306d69
00306d69,fr,v003a,306d69
00306d69,fr,v004a,306d69
00306d69,fr,v005a,306d69
00306d69,gr,s002a,316d69
00306d69,gr,s003a,316d69
00306d69,gr,s004a,316d69
00306d69,gr,s005a,316d69
00306d69,gr,v003a,316d69
00306d69,gr,v004a,316d69
00306d69,gr,v005a,316d69
00306ee9,fr,v007a,306ee9
00308be9,fr,s012a,308be9
00308be9,fr,s021a,308be9
00308be9,fr,s022a,308be9
00308ce9,fr,s022a,308ce9
00308ce9,fr,s023a,308ce9
00309be9,fr,s031a,309be9
00309be9,fr,s032a,309be9
00309c69,fr,s031a,309c69
00309c69,fr,s032a,309c69
00309c69,fr,s032b,309c69
00309c69,fr,s033a,309c69
00309ce9,fr,s032a,309ce9
00309ce9,fr,s033a,309ce9
00309ce9,fr,s041a,309ce9
0030abe9,fr,s033a,30abe9
0030abe9,fr,s041a,30abe9
0030abe9,fr,s042a,30abe9
0030abe9,fr,s043a,30abe9
0030ac69,fr,s041a,30ac69
0030ac69,fr,s042a,30ac69
0030ace9,fr,s041a,30ace9
0030ace9,fr,s043a,30ace9
0030ace9,fr,s044a,30ace9
0030ad69,fr,s043a,30ad69
0030ad69,fr,s044a,30ad69
0030ad69,fr,s045a,30ad69
0030ad69,fr,s051a,30ad69
0030ade9,fr,s044a,30ade9
0030ade9,fr,s045a,30ade9
0030ade9,fr,s061a,30ade9
0030bbe9,fr,s044a,30bbe9
0030bbe9,fr,s051a,30bbe9
0030bbe9,fr,s051b,30bbe9
0030bbe9,fr,s052a,30bbe9
0030bc69,fr,s051a,30bc69
0030bc69,fr,s052a,30bc69
0030bc69,fr,s052b,30bc69
0030bc6d,fr,s052a,30bc6d
0030bc6d,fr,s052b,30bc6d
0030bc6d,fr,s053a,30bc6d
0030bde9,fr,s053a,30bde9
0030bde9,fr,s055a,30bde9
0030be69,fr,s053a,30be69
0030be69,fr,s056a,30be69
0030cbe9,fr,s045a,30cbe9
0030cbe9,fr,s061a,30cbe9
0030cbe9,fr,s062a,30cbe9
0030cbe9,fr,s063a,30cbe9
0030cbe9,fr,s063b,30cbe9
0030cc69,fr,s061a,30cc69
0030cc69,fr,s062a,30cc69
0030cce9,fr,s061a,30cce9
0030cce9,fr,s063a,30cce9
0030cce9,fr,s063b,30cce9
0030cce9,fr,s064a,30cce9
0030cce9,fr,s064b,30cce9
0030cce9,fr,s065a,30cce9
0030cce9,fr,s065b,30cce9
0030cd69,fr,s063a,30cd69
0030cd69,fr,s063b,30cd69
0030cd69,fr,s064a,30cd69
0030cd69,fr,s064b,30cd69
0030cd69,fr,s065a,30cd69
0030cd69,fr,s065b,30cd69
0030cde9,fr,s063a,30cde9
0030cde9,fr,s063b,30cde9
0030cde9,fr,s064a,30cde9
0030cde9,fr,s064b,30cde9
0030cde9,fr,s065a,30cde9
0030cde9,fr,s065b,30cde9
0030cde9,fr,s066a,30cde9
0030cde9,gr,s063a,31cde9
0030cde9,gr,s063b,31cde9
0030cde9,gr,s064a,31cde9
0030cde9,gr,s064b,31cde9
0030cde9,gr,s065a,31cde9
0030cde9,gr,s065b,31cde9
0030cde9,gr,s066a,31cde9
0030ce69,fr,s065a,30ce69
0030ce69,fr,s065b,30ce69
0030ce69,fr,s066a,30ce69
0030ce69,fr,s071a,30ce69
0030dbe9,fr,s066a,30dbe9
0030dbe9,fr,s071a,30dbe9
0030dbe9,fr,s072a,30dbe9
0030dbe9,fr,s072b,30dbe9
0030dc69,fr,s071a,30dc69
0030dc69,fr,s072a,30dc69
0030dc69,fr,s072b,30dc69
0030dc69,fr,s073a,30dc69
0030dc69,fr,s073b,30dc69
0030dce9,fr,s072a,30dce9
0030dce9,fr,s072b,30dce9
0030dce9,fr,s073a,30dce9
0030dce9,fr,s073b,30dce9
0030dce9,fr,s074a,30dce9
0030dce9,fr,s081a,30dce9
0030dd69,fr,s073a,30dd69
0030dd69,fr,s073b,30dd69
0030dd69,fr,s074a,30dd69
0030dd69,fr,s075a,30dd69
0030dde9,fr,s074a,30dde9
0030dde9,fr,s075a,30dde9
0030ebe9,fr,s073a,30ebe9
0030ebe9,fr,s073b,30ebe9
0030ebe9,fr,s081a,30ebe9
0030fbe9,fr,s081a,30fbe9
0030fbe9,fr,s091a,30fbe9
0030fbe9,fr,s091b,30fbe9
0030fbe9,fr,s091c,30fbe9
0030fbe9,fr,s092a,30fbe9
0030fbe9,fr,s092b,30fbe9
0030fbe9,fr,s092c,30fbe9
0030fbe9,fr,s093a,30fbe9
0030fbe9,fr,s093b,30fbe9
0030fbe9,fr,s093c,30fbe9
0030fbe9,fr,s094a,30fbe9
0030fbe9,fr,s094b,30fbe9
0030fbe9,fr,s094c,30fbe9
0030fc69,fr,s091a,30fc69
0030fc69,fr,s091b,30fc69
0030fc69,fr,s091c,30fc69
0030fc69,fr,s092a,30fc69
0030fc69,fr,s092b,30fc69
0030fc69,fr,s092c,30fc69
0030fc69,fr,s093a,30fc69
0030fc69,fr,s093b,30fc69
0030fc69,fr,s093c,30fc69
0030fc69,fr,s152a,30fc69
0030fce9,fr,s091a,30fce9
0030fce9,fr,s091b,30fce9
0030fce9,fr,s091c,30fce9
0030fce9,fr,s092a,30fce9
0030fce9,fr,s092b,30fce9
0030fce9,fr,s092c,30fce9
0030fce9,fr,s093a,30fce9
0030fce9,fr,s093b,30fce9
0030fce9,fr,s093c,30fce9
0030fce9,fr,s094a,30fce9
0030fce9,fr,s094b,30fce9
0030fce9,fr,s094c,30fce9
0030fce9,fr,s101a,30fce9
0030fce9,fr,s101b,30fce9
0030fd69,fr,s091a,30fd69
0030fd69,fr,s091b,30fd69
0030fd69,fr,s091c,30fd69
0030fd69,fr,s093a,30fd69
0030fd69,fr,s093b,30fd69
0030fd69,fr,s093c,30fd69
0030fd69,fr,s094a,30fd69
0030fd69,fr,s094b,30fd69
0030fd69,fr,s094c,30fd69
0030fd69,fr,s112a,30fd69
00316be9,gr,s001a,316be9
00316be9,gr,s003a,316be9
00316be9,gr,v001a,316be9
00316be9,gr,v003a,316be9
00316c69,gr,s002a,316c69
00316c69,gr,s004a,316c69
00316ce9,gr,s001a,316ce9
00316ce9,gr,s003a,316ce9
00316ce9,gr,s004a,316ce9
00316ce9,gr,v001a,316ce9
00316ce9,gr,v003a,316ce9
00316ce9,gr,v004a,316ce9
00316ee9,gr,v007a,316ee9
00318be9,gr,s012a,318be9
00318be9,gr,s021a,318be9
00318be9,gr,s022a,318be9
00318c69,gr,s021a,318c69
00318c69,gr,s022a,318c69
00318ce9,gr,s022a,318ce9
00318ce9,gr,s023a,318ce9
00319be9,gr,s023a_0,319be9
00319be9,gr,s031a,319be9
00319be9,gr,s032a,319be9
00319be9,gr,s211a_0,319be9
00319c69,gr,s031a,319c69
00319c69,gr,s032a,319c69
00319c69,gr,s032b,319c69
00319c69,gr,s033a,319c69
00319ce9,gr,s032a,319ce9
00319ce9,gr,s033a,319ce9
00319ce9,gr,s041a,319ce9
0031abe9,gr,s033a,31abe9
0031abe9,gr,s041a,31abe9
0031abe9,gr,s042a,31abe9
0031abe9,gr,s043a,31abe9
0031ac69,gr,s041a,31ac69
0031ac69,gr,s042a,31ac69
0031ace9,gr,s041a,31ace9
0031ace9,gr,s043a,31ace9
0031ace9,gr,s044a,31ace9
0031ad69,gr,s043a,31ad69
0031ad69,gr,s044a,31ad69
0031ad69,gr,s045a,31ad69
0031ad69,gr,s051a,31ad69
0031ade9,gr,s044a,31ade9
0031ade9,gr,s045a,31ade9
0031ade9,gr,s061a,31ade9
0031bbe9,gr,s044a,31bbe9
0031bbe9,gr,s051a,31bbe9
0031bbe9,gr,s051b,31bbe9
0031bbe9,gr,s052a,31bbe9
0031bc69,gr,s051a,31bc69
0031bc69,gr,s052a,31bc69
0031bc69,gr,s052b,31bc69
0031bc6d,gr,s052a,31bc6d
0031bc6d,gr,s052b,31bc6d
0031bc6d,gr,s053a,31bc6d
0031bde9,gr,s053a,31bde9
0031bde9,gr,s055a,31bde9
0031be69,gr,s053a,31be69
0031be69,gr,s056a,31be69
0031cbe9,gr,s045a,31cbe9
0031cbe9,gr,s061a,31cbe9
0031cbe9,gr,s062a,31cbe9
0031cbe9,gr,s063a,31cbe9
0031cbe9,gr,s063b,31cbe9
0031cc69,gr,s061a,31cc69
0031cc69,gr,s062a,31cc69
0031cce9,gr,s061a,31cce9
0031cce9,gr,s063a,31cce9
0031cce9,gr,s063b,31cce9
0031cce9,gr,s064a,31cce9
0031cce9,gr,s064b,31cce9
0031cce9,gr,s065a,31cce9
0031cce9,gr,s065b,31cce9
0031cd69,gr,s063a,31cd69
0031cd69,gr,s063b,31cd69
0031cd69,gr,s064a,31cd69
0031cd69,gr,s064b,31cd69
0031cd69,gr,s065a,31cd69
0031cd69,gr,s065b,31cd69
0031ce69,gr,s065a,31ce69
0031ce69,gr,s065b,31ce69
0031ce69,gr,s066a,31ce69
0031ce69,gr,s071a,31ce69
0031dbe9,gr,s066a,31dbe9
0031dbe9,gr,s071a,31dbe9
0031dbe9,gr,s072a,31dbe9
0031dbe9,gr,s072b,31dbe9
0031dc69,gr,s071a,31dc69
0031dc69,gr,s072a,31dc69
0031dc69,gr,s072b,31dc69
0031dc69,gr,s073a,31dc69
0031dc69,gr,s073b,31dc69
0031dce9,gr,s072a,31dce9
0031dce9,gr,s072b,31dce9
0031dce9,gr,s073a,31dce9
0031dce9,gr,s073b,31dce9
0031dce9,gr,s074a,31dce9
0031dce9,gr,s081a,31dce9
0031dd69,gr,s073a,31dd69
0031dd69,gr,s073b,31dd69
0031dd69,gr,s074a,31dd69
0031dd69,gr,s075a,31dd69
0031dde9,gr,s074a,31dde9
0031dde9,gr,s075a,31dde9
0031ebe9,gr,s073a,31ebe9
0031ebe9,gr,s073b,31ebe9
0031ebe9,gr,s081a,31ebe9
0031fbe9,gr,s081a,31fbe9
0031fbe9,gr,s091a,31fbe9
0031fbe9,gr,s091b,31fbe9
0031fbe9,gr,s091c,31fbe9
0031fbe9,gr,s092a,31fbe9
0031fbe9,gr,s092b,31fbe9
0031fbe9,gr,s092c,31fbe9
0031fbe9,gr,s093a,31fbe9
0031fbe9,gr,s093b,31fbe9
0031fbe9,gr,s093c,31fbe9
0031fbe9,gr,s094a,31fbe9
0031fbe9,gr,s094b,31fbe9
0031fbe9,gr,s094c,31fbe9
0031fc69,gr,s091a,31fc69
0031fc69,gr,s091b,31fc69
0031fc69,gr,s091c,31fc69
0031fc69,gr,s092a,31fc69
0031fc69,gr,s092b,31fc69
0031fc69,gr,s092c,31fc69
0031fc69,gr,s093a,31fc69
0031fc69,gr,s093b,31fc69
0031fc69,gr,s093c,31fc69
0031fc69,gr,s152a,31fc69
0031fce9,gr,s091a,31fce9
0031fce9,gr,s091b,31fce9
0031fce9,gr,s091c,31fce9
0031fce9,gr,s092a,31fce9
0031fce9,gr,s092b,31fce9
0031fce9,gr,s092c,31fce9
0031fce9,gr,s093a,31fce9
0031fce9,gr,s093b,31fce9
0031fce9,gr,s093c,31fce9
0031fce9,gr,s094a,31fce9
0031fce9,gr,s094b,31fce9
0031fce9,gr,s094c,31fce9
0031fce9,gr,s101a,31fce9
0031fce9,gr,s101b,31fce9
0031fd69,gr,s091a,31fd69
0031fd69,gr,s091b,31fd69
0031fd69,gr,s091c,31fd69
0031fd69,gr,s093a,31fd69
0031fd69,gr,s093b,31fd69
0031fd69,gr,s093c,31fd69
0031fd69,gr,s094a,31fd69
0031fd69,gr,s094b,31fd69
0031fd69,gr,s094c,31fd69
0031fd69,gr,s112a,31fd69
00326be9,fr,s093a,326be9
00326be9,fr,s093b,326be9
00326be9,fr,s093c,326be9
00326be9,fr,s101a,326be9
00326be9,fr,s101b,326be9
00326be9,fr,s121a,326be9
00327be9,fr,s111a,327be9
00327be9,fr,s121a,327be9
00327c69,fr,s094a,327c69
00327c69,fr,s094b,327c69
00327c69,fr,s094c,327c69
00327c69,fr,s112a,327c69
00327ce9,fr,s092a,327ce9
00327ce9,fr,s092b,327ce9
00327ce9,fr,s092c,327ce9
00327ce9,fr,s113a,327ce9
00328be9,fr,s101a,328be9
00328be9,fr,s101b,328be9
00328be9,fr,s111a,328be9
00328be9,fr,s121a,328be9
00328c69,fr,s122a,328c69
0032bc69,fr,s151a,32bc69
0032bc69,fr,s152a,32bc69
0032cc69,fr,s162a,32cc69
0032cce9,fr,s162a,32cce9
0032cce9,fr,s163a,32cce9
0032cce9,fr,s163b,32cce9
0032dbe9,fr,s163b,32dbe9
0032dbe9,fr,s171a,32dbe9
0032dbe9,fr,s171b,32dbe9
0032ebe9,fr,s181a,32ebe9
0032ec69,fr,s181a,32ec69
0032ec69,fr,s182a,32ec69
0032ece9,fr,s182a,32ece9
0032ece9,fr,s183a,32ece9
0032fbe9,fr,s183a,32fbe9
0032fbe9,fr,s191a,32fbe9
0032fbe9,fr,s191b,32fbe9
0032fc69,fr,s191a,32fc69
0032fc69,fr,s191b,32fc69
0032fc69,fr,s192a,32fc69
00330503.img,fr,r_sna01,330503
00330503.img,fr,r_sna02,330503
00330503.img,gr,r_sna01,330503
00330503.img,gr,r_sna02,330503
00330503.img,it,r_sna01,330503
00330503.img,it,r_sna02,330503
00330503.img,jp,r_sna01,330503
00330503.img,jp,r_sna02,330503
00330503.img,sp,r_sna01,330503
00330503.img,sp,r_sna02,330503
00336be9,it,s001a,336be9
00336be9,it,s003a,336be9
00336be9,it,v001a,336be9
00336be9,it,v003a,336be9
00336be9_8ce84330a816de3c9e9cacf4c2390ef2,gr,s093a,336be9
00336be9_8ce84330a816de3c9e9cacf4c2390ef2,gr,s093b,336be9
00336be9_8ce84330a816de3c9e9cacf4c2390ef2,gr,s093c,336be9
00336be9_8ce84330a816de3c9e9cacf4c2390ef2,gr,s101a,336be9
00336be9_8ce84330a816de3c9e9cacf4c2390ef2,gr,s101b,336be9
00336be9_8ce84330a816de3c9e9cacf4c2390ef2,gr,s121a,336be9
00336c69,it,s002a,336c69
00336c69,it,s004a,336c69
00336ce9,it,s001a,336ce9
00336ce9,it,s003a,336ce9
00336ce9,it,s004a,336ce9
00336ce9,it,v001a,336ce9
00336ce9,it,v003a,336ce9
00336ce9,it,v004a,336ce9
00336d69,it,s002a,336d69
00336d69,it,s003a,336d69
00336d69,it,s004a,336d69
00336d69,it,s005a,336d69
00336d69,it,v003a,336d69
00336d69,it,v004a,336d69
00336d69,it,v005a,336d69
00336ee9,it,v007a,336ee9
00337be9,gr,s111a,337be9
00337be9,gr,s121a,337be9
00337c69,gr,s094a,337c69
00337c69,gr,s094b,337c69
00337c69,gr,s094c,337c69
00337c69,gr,s112a,337c69
00337ce9,gr,s092a,337ce9
00337ce9,gr,s092b,337ce9
00337ce9,gr,s092c,337ce9
00337ce9,gr,s113a,337ce9
00338be9,it,s012a,338be9
00338be9,it,s021a,338be9
00338be9,it,s022a,338be9
00338be9_40a9962a574ddd022d30a09335d00298,gr,s101a,338be9
00338be9_40a9962a574ddd022d30a09335d00298,gr,s101b,338be9
00338be9_40a9962a574ddd022d30a09335d00298,gr,s111a,338be9
00338be9_40a9962a574ddd022d30a09335d00298,gr,s121a,338be9
00338c69,it,s021a,338c69
00338c69,it,s022a,338c69
00338c69_5a6a61d237167595d31852011eea51ed,gr,s122a,338c69
00338ce9,it,s022a,338ce9
00338ce9,it,s023a,338ce9
00339be9,it,s023a_0,339be9
00339be9,it,s031a,339be9
00339be9,it,s032a,339be9
00339be9,it,s211a_0,339be9
00339c69,it,s031a,339c69
00339c69,it,s032a,339c69
00339c69,it,s032b,339c69
00339c69,it,s033a,339c69
00339ce9,it,s032a,339ce9
00339ce9,it,s033a,339ce9
00339ce9,it,s041a,339ce9
0033abe9,it,s033a,33abe9
0033abe9,it,s041a,33abe9
0033abe9,it,s042a,33abe9
0033abe9,it,s043a,33abe9
0033ac69,it,s041a,33ac69
0033ac69,it,s042a,33ac69
0033ace9,it,s041a,33ace9
0033ace9,it,s043a,33ace9
0033ace9,it,s044a,33ace9
0033ad69,it,s043a,33ad69
0033ad69,it,s044a,33ad69
0033ad69,it,s045a,33ad69
0033ad69,it,s051a,33ad69
0033ade9,it,s044a,33ade9
0033ade9,it,s045a,33ade9
0033ade9,it,s061a,33ade9
0033bbe9,it,s044a,33bbe9
0033bbe9,it,s051a,33bbe9
0033bbe9,it,s051b,33bbe9
0033bbe9,it,s052a,33bbe9
0033bc69,it,s051a,33bc69
0033bc69,it,s052a,33bc69
0033bc69,it,s052b,33bc69
0033bc69_7884dfdcadec6f2a9cd1b0f042093063,gr,s151a,33bc69
0033bc69_7884dfdcadec6f2a9cd1b0f042093063,gr,s152a,33bc69
0033bc6d,it,s052a,33bc6d
0033bc6d,it,s052b,33bc6d
0033bc6d,it,s053a,33bc6d
0033bde9,it,s053a,33bde9
0033bde9,it,s055a,33bde9
0033be69,it,s053a,33be69
0033be69,it,s056a,33be69
0033cbe9,it,s045a,33cbe9
0033cbe9,it,s061a,33cbe9
0033cbe9,it,s062a,33cbe9
0033cbe9,it,s063a,33cbe9
0033cbe9,it,s063b,33cbe9
0033cc69,it,s061a,33cc69
0033cc69,it,s062a,33cc69
0033cc69_e0df82ced404d49d1cc10f61f7b78802,gr,s162a,33cc69
0033cce9,it,s061a,33cce9
0033cce9,it,s063a,33cce9
0033cce9,it,s063b,33cce9
0033cce9,it,s064a,33cce9
0033cce9,it,s064b,33cce9
0033cce9,it,s065a,33cce9
0033cce9,it,s065b,33cce9
0033cce9_9b66e5847270bfba9f040cede1820951,gr,s162a,33cce9
0033cce9_9b66e5847270bfba9f040cede1820951,gr,s163a,33cce9
0033cce9_9b66e5847270bfba9f040cede1820951,gr,s163b,33cce9
0033cd69,it,s063a,33cd69
0033cd69,it,s063b,33cd69
0033cd69,it,s064a,33cd69
0033cd69,it,s064b,33cd69
0033cd69,it,s065a,33cd69
0033cd69,it,s065b,33cd69
0033cde9,it,s063a,33cde9
0033cde9,it,s063b,33cde9
0033cde9,it,s064a,33cde9
0033cde9,it,s064b,33cde9
0033cde9,it,s065a,33cde9
0033cde9,it,s065b,33cde9
0033cde9,it,s066a,33cde9
0033ce69,it,s065a,33ce69
0033ce69,it,s065b,33ce69
0033ce69,it,s066a,33ce69
0033ce69,it,s071a,33ce69
0033dbe9,it,s066a,33dbe9
0033dbe9,it,s071a,33dbe9
0033dbe9,it,s072a,33dbe9
0033dbe9,it,s072b,33dbe9
0033dbe9_e2f15027570cf3cdb8ebc2e7446a231a,gr,s163b,33dbe9
0033dbe9_e2f15027570cf3cdb8ebc2e7446a231a,gr,s171a,33dbe9
0033dbe9_e2f15027570cf3cdb8ebc2e7446a231a,gr,s171b,33dbe9
0033dc69,it,s071a,33dc69
0033dc69,it,s072a,33dc69
0033dc69,it,s072b,33dc69
0033dc69,it,s073a,33dc69
0033dc69,it,s073b,33dc69
0033dce9,it,s072a,33dce9
0033dce9,it,s072b,33dce9
0033dce9,it,s073a,33dce9
0033dce9,it,s073b,33dce9
0033dce9,it,s074a,33dce9
0033dce9,it,s081a,33dce9
0033dd69,it,s073a,33dd69
0033dd69,it,s073b,33dd69
0033dd69,it,s074a,33dd69
0033dd69,it,s075a,33dd69
0033dde9,it,s074a,33dde9
0033dde9,it,s075a,33dde9
0033ebe9,it,s073a,33ebe9
0033ebe9,it,s073b,33ebe9
0033ebe9,it,s081a,33ebe9
0033ebe9_74455759f8c34556343a33b4c26a1fbb,gr,s181a,33ebe9
0033ec69,gr,s181a,33ec69
0033ec69,gr,s182a,33ec69
0033ece9,gr,s182a,33ece9
0033ece9,gr,s183a,33ece9
0033fbe9,it,s081a,33fbe9
0033fbe9,it,s091a,33fbe9
0033fbe9,it,s091b,33fbe9
0033fbe9,it,s091c,33fbe9
0033fbe9,it,s092a,33fbe9
0033fbe9,it,s092b,33fbe9
0033fbe9,it,s092c,33fbe9
0033fbe9,it,s093a,33fbe9
0033fbe9,it,s093b,33fbe9
0033fbe9,it,s093c,33fbe9
0033fbe9,it,s094a,33fbe9
0033fbe9,it,s094b,33fbe9
0033fbe9,it,s094c,33fbe9
0033fbe9_e30818ab79e34d6e32dee54983d1463f,gr,s183a,33fbe9
0033fbe9_e30818ab79e34d6e32dee54983d1463f,gr,s191a,33fbe9
0033fbe9_e30818ab79e34d6e32dee54983d1463f,gr,s191b,33fbe9
0033fc69,it,s091a,33fc69
0033fc69,it,s091b,33fc69
0033fc69,it,s091c,33fc69
0033fc69,it,s092a,33fc69
0033fc69,it,s092b,33fc69
0033fc69,it,s092c,33fc69
0033fc69,it,s093a,33fc69
0033fc69,it,s093b,33fc69
0033fc69,it,s093c,33fc69
0033fc69,it,s152a,33fc69
0033fc69_3321c5f2479e09d0a10035b6153ced86,gr,s191a,33fc69
0033fc69_3321c5f2479e09d0a10035b6153ced86,gr,s191b,33fc69
0033fc69_3321c5f2479e09d0a10035b6153ced86,gr,s192a,33fc69
0033fce9,it,s091a,33fce9
0033fce9,it,s091b,33fce9
0033fce9,it,s091c,33fce9
0033fce9,it,s092a,33fce9
0033fce9,it,s092b,33fce9
0033fce9,it,s092c,33fce9
0033fce9,it,s093a,33fce9
0033fce9,it,s093b,33fce9
0033fce9,it,s093c,33fce9
0033fce9,it,s094a,33fce9
0033fce9,it,s094b,33fce9
0033fce9,it,s094c,33fce9
0033fce9,it,s101a,33fce9
0033fce9,it,s101b,33fce9
0033fd69,it,s091a,33fd69
0033fd69,it,s091b,33fd69
0033fd69,it,s091c,33fd69
0033fd69,it,s093a,33fd69
0033fd69,it,s093b,33fd69
0033fd69,it,s093c,33fd69
0033fd69,it,s094a,33fd69
0033fd69,it,s094b,33fd69
0033fd69,it,s094c,33fd69
0033fd69,it,s112a,33fd69
00346be9,jp,s001a,346be9
00346be9,jp,s003a,346be9
00346be9,jp,v001a,346be9
00346be9,jp,v003a,346be9
00346c69,jp,s002a,346c69
00346c69,jp,s004a,346c69
00346ce9,jp,s001a,346ce9
00346ce9,jp,s003a,346ce9
00346ce9,jp,s004a,346ce9
00346ce9,jp,v001a,346ce9
00346ce9,jp,v003a,346ce9
00346ce9,jp,v004a,346ce9
00346d69,jp,s002a,346d69
00346d69,jp,s003a,346d69
00346d69,jp,s004a,346d69
00346d69,jp,s005a,346d69
00346d69,jp,v003a,346d69
00346d69,jp,v004a,346d69
00346d69,jp,v005a,346d69
00346de9,jp,s004a,346de9
00346de9,jp,s005a,346de9
00346de9,jp,s006a,346de9
00346de9,jp,s006b,346de9
00346de9,jp,v004a,346de9
00346de9,jp,v005a,346de9
00346de9,jp,v006a,346de9
00346de9,jp,v006b,346de9
00346e69,jp,s005a,346e69
00346e69,jp,s006a,346e69
00346e69,jp,s006b,346e69
00346e69,jp,s012a,346e69
00346e69,jp,v005a,346e69
00346e69,jp,v006a,346e69
00346e69,jp,v006b,346e69
00346ee9,jp,v007a,346ee9
00347be9,fr,s211a,347be9
00347c69,jp,s006a,347c69
00347c69,jp,s006b,347c69
00347c69,jp,s012a,347c69
00347c69,jp,s021a,347c69
00348be9,jp,s012a,348be9
00348be9,jp,s021a,348be9
00348be9,jp,s022a,348be9
00348c69,jp,s021a,348c69
00348c69,jp,s022a,348c69
00348ce9,jp,s022a,348ce9
00348ce9,jp,s023a,348ce9
00349be9,jp,s023a_0,349be9
00349be9,jp,s031a,349be9
00349be9,jp,s032a,349be9
00349be9,jp,s211a_0,349be9
00349c69,jp,s031a,349c69
00349c69,jp,s032a,349c69
00349c69,jp,s032b,349c69
00349c69,jp,s033a,349c69
00349ce9,jp,s032a,349ce9
00349ce9,jp,s033a,349ce9
00349ce9,jp,s041a,349ce9
0034abe9,jp,s033a,34abe9
0034abe9,jp,s041a,34abe9
0034abe9,jp,s042a,34abe9
0034abe9,jp,s043a,34abe9
0034ac69,jp,s041a,34ac69
0034ac69,jp,s042a,34ac69
0034ace9,jp,s041a,34ace9
0034ace9,jp,s043a,34ace9
0034ace9,jp,s044a,34ace9
0034ad69,jp,s043a,34ad69
0034ad69,jp,s044a,34ad69
0034ad69,jp,s045a,34ad69
0034ad69,jp,s051a,34ad69
0034ade9,jp,s044a,34ade9
0034ade9,jp,s045a,34ade9
0034ade9,jp,s061a,34ade9
0034bbe9,jp,s044a,34bbe9
0034bbe9,jp,s051a,34bbe9
0034bbe9,jp,s051b,34bbe9
0034bbe9,jp,s052a,34bbe9
0034bc69,jp,s051a,34bc69
0034bc69,jp,s052a,34bc69
0034bc69,jp,s052b,34bc69
0034bc6d,jp,s052a,34bc6d
0034bc6d,jp,s052b,34bc6d
0034bc6d,jp,s053a,34bc6d
0034bde9,jp,s053a,34bde9
0034bde9,jp,s055a,34bde9
0034be69,jp,s053a,34be69
0034be69,jp,s056a,34be69
0034cbe9,jp,s045a,34cbe9
0034cbe9,jp,s061a,34cbe9
0034cbe9,jp,s062a,34cbe9
0034cbe9,jp,s063a,34cbe9
0034cbe9,jp,s063b,34cbe9
0034cc69,jp,s061a,34cc69
0034cc69,jp,s062a,34cc69
0034cce9,jp,s061a,34cce9
0034cce9,jp,s063a,34cce9
0034cce9,jp,s063b,34cce9
0034cce9,jp,s064a,34cce9
0034cce9,jp,s064b,34cce9
0034cce9,jp,s065a,34cce9
0034cce9,jp,s065b,34cce9
0034cd69,jp,s063a,34cd69
0034cd69,jp,s063b,34cd69
0034cd69,jp,s064a,34cd69
0034cd69,jp,s064b,34cd69
0034cd69,jp,s065a,34cd69
0034cd69,jp,s065b,34cd69
0034cde9,jp,s063a,34cde9
0034cde9,jp,s063b,34cde9
0034cde9,jp,s064a,34cde9
0034cde9,jp,s064b,34cde9
0034cde9,jp,s065a,34cde9
0034cde9,jp,s065b,34cde9
0034cde9,jp,s066a,34cde9
0034ce69,jp,s065a,34ce69
0034ce69,jp,s065b,34ce69
0034ce69,jp,s066a,34ce69
0034ce69,jp,s071a,34ce69
0034dbe9,jp,s066a,34dbe9
0034dbe9,jp,s071a,34dbe9
0034dbe9,jp,s072a,34dbe9
0034dbe9,jp,s072b,34dbe9
0034dc69,jp,s071a,34dc69
0034dc69,jp,s072a,34dc69
0034dc69,jp,s072b,34dc69
0034dc69,jp,s073a,34dc69
0034dc69,jp,s073b,34dc69
0034dce9,jp,s072a,34dce9
0034dce9,jp,s072b,34dce9
0034dce9,jp,s073a,34dce9
0034dce9,jp,s073b,34dce9
0034dce9,jp,s074a,34dce9
0034dce9,jp,s081a,34dce9
0034dd69,jp,s073a,34dd69
0034dd69,jp,s073b,34dd69
0034dd69,jp,s074a,34dd69
0034dd69,jp,s075a,34dd69
0034dde9,jp,s074a,34dde9
0034dde9,jp,s075a,34dde9
0034ebe9,jp,s073a,34ebe9
0034ebe9,jp,s073b,34ebe9
0034ebe9,jp,s081a,34ebe9
0034fbe9,jp,s081a,34fbe9
0034fbe9,jp,s091a,34fbe9
0034fbe9,jp,s091b,34fbe9
0034fbe9,jp,s091c,34fbe9
0034fbe9,jp,s092a,34fbe9
0034fbe9,jp,s092b,34fbe9
0034fbe9,jp,s092c,34fbe9
0034fbe9,jp,s093a,34fbe9
0034fbe9,jp,s093b,34fbe9
0034fbe9,jp,s093c,34fbe9
0034fbe9,jp,s094a,34fbe9
0034fbe9,jp,s094b,34fbe9
0034fbe9,jp,s094c,34fbe9
0034fc69,jp,s091a,34fc69
0034fc69,jp,s091b,34fc69
0034fc69,jp,s091c,34fc69
0034fc69,jp,s092a,34fc69
0034fc69,jp,s092b,34fc69
0034fc69,jp,s092c,34fc69
0034fc69,jp,s093a,34fc69
0034fc69,jp,s093b,34fc69
0034fc69,jp,s093c,34fc69
0034fc69,jp,s152a,34fc69
0034fce9,jp,s091a,34fce9
0034fce9,jp,s091b,34fce9
0034fce9,jp,s091c,34fce9
0034fce9,jp,s092a,34fce9
0034fce9,jp,s092b,34fce9
0034fce9,jp,s092c,34fce9
0034fce9,jp,s093a,34fce9
0034fce9,jp,s093b,34fce9
0034fce9,jp,s093c,34fce9
0034fce9,jp,s094a,34fce9
0034fce9,jp,s094b,34fce9
0034fce9,jp,s094c,34fce9
0034fce9,jp,s101a,34fce9
0034fce9,jp,s101b,34fce9
0034fd69,jp,s091a,34fd69
0034fd69,jp,s091b,34fd69
0034fd69,jp,s091c,34fd69
0034fd69,jp,s093a,34fd69
0034fd69,jp,s093b,34fd69
0034fd69,jp,s093c,34fd69
0034fd69,jp,s094a,34fd69
0034fd69,jp,s094b,34fd69
0034fd69,jp,s094c,34fd69
0034fd69,jp,s112a,34fd69
00356be9,it,s093a,356be9
00356be9,it,s093b,356be9
00356be9,it,s093c,356be9
00356be9,it,s101a,356be9
00356be9,it,s101b,356be9
00356be9,it,s121a,356be9
00357be9,it,s111a,357be9
00357be9,it,s121a,357be9
00357be9_1409304ce76718d9a5126ad56628869a,gr,s211a,357be9
00357c69,it,s094a,357c69
00357c69,it,s094b,357c69
00357c69,it,s094c,357c69
00357c69,it,s112a,357c69
00357ce9,it,s092a,357ce9
00357ce9,it,s092b,357ce9
00357ce9,it,s092c,357ce9
00357ce9,it,s113a,357ce9
00358be9,it,s101a,358be9
00358be9,it,s101b,358be9
00358be9,it,s111a,358be9
00358be9,it,s121a,358be9
00358c69,it,s122a,358c69
0035bc69,it,s151a,35bc69
0035bc69,it,s152a,35bc69
0035cbe9,fr,s161a,32cbe9
0035cbe9,gr,s161a,33cbe9
0035cbe9,it,s161a,35cbe9
0035cc69,it,s162a,35cc69
0035cce9,it,s162a,35cce9
0035cce9,it,s163a,35cce9
0035cce9,it,s163b,35cce9
0035dbe9,it,s163b,35dbe9
0035dbe9,it,s171a,35dbe9
0035dbe9,it,s171b,35dbe9
0035ded2.img,fr,r_sna01,35ded2
0035ded2.img,fr,r_sna02,35ded2
0035ded2.img,gr,r_sna01,35ded2
0035ded2.img,gr,r_sna02,35ded2
0035ded2.img,it,r_sna01,35ded2
0035ded2.img,it,r_sna02,35ded2
0035ded2.img,jp,r_sna01,35ded2
0035ded2.img,jp,r_sna02,35ded2
0035ded2.img,sp,r_sna01,35ded2
0035ded2.img,sp,r_sna02,35ded2
0035ebe9,it,s181a,35ebe9
0035ec69,it,s181a,35ec69
0035ec69,it,s182a,35ec69
0035ece9,it,s182a,35ece9
0035ece9,it,s183a,35ece9
0035fbe9,it,s183a,35fbe9
0035fbe9,it,s191a,35fbe9
0035fbe9,it,s191b,35fbe9
0035fc69,it,s191a,35fc69
0035fc69,it,s191b,35fc69
0035fc69,it,s192a,35fc69
00366be9,jp,s093a,366be9
00366be9,jp,s093b,366be9
00366be9,jp,s093c,366be9
00366be9,jp,s101a,366be9
00366be9,jp,s101b,366be9
00366be9,jp,s121a,366be9
00367be9,jp,s111a,367be9
00367be9,jp,s121a,367be9
00367c69,jp,s094a,367c69
00367c69,jp,s094b,367c69
00367c69,jp,s094c,367c69
00367c69,jp,s112a,367c69
00367ce9,jp,s092a,367ce9
00367ce9,jp,s092b,367ce9
00367ce9,jp,s092c,367ce9
00367ce9,jp,s113a,367ce9
00368be9,jp,s101a,368be9
00368be9,jp,s101b,368be9
00368be9,jp,s111a,368be9
00368be9,jp,s121a,368be9
00368c69,jp,s122a,368c69
0036bbe9,jp,s151a,36bbe9
0036bbe9,jp,s152a,36bbe9
0036bc69,jp,s151a,36bc69
0036bc69,jp,s152a,36bc69
0036cbe9,jp,s161a,36cbe9
0036cc69,jp,s162a,36cc69
0036cce9,jp,s162a,36cce9
0036cce9,jp,s163a,36cce9
0036cce9,jp,s163b,36cce9
0036dbe9,jp,s163b,36dbe9
0036dbe9,jp,s171a,36dbe9
0036dbe9,jp,s171b,36dbe9
0036ebe9,jp,s181a,36ebe9
0036ec69,jp,s181a,36ec69
0036ec69,jp,s182a,36ec69
0036ece9,jp,s182a,36ece9
0036ece9,jp,s183a,36ece9
0036fbe9,jp,s183a,36fbe9
0036fbe9,jp,s191a,36fbe9
0036fbe9,jp,s191b,36fbe9
0036fc69,jp,s191a,36fc69
0036fc69,jp,s191b,36fc69
0036fc69,jp,s192a,36fc69
00377be9,it,s211a,377be9
00386be9,jp,s192a,386be9
00386be9,jp,s201a,386be9
00387be9,jp,s211a,387be9
0038c9cf.img,fr,s002a,38c9cf
0038c9cf.img,fr,s004a,38c9cf
0038c9d3.img,fr,s006a,38c9d3
0038c9d3.img,fr,s006b,38c9d3
0038c9d3.img,fr,s012a,38c9d3
0038c9d3.img,fr,s021a,38c9d3
0038c9d7.img,fr,s021a,38c9d7
0038c9d7.img,fr,s022a,38c9d7
0038c9db.img,fr,s031a,38c9db
0038c9db.img,fr,s032a,38c9db
0038c9db.img,fr,s032b,38c9db
0038c9db.img,fr,s033a,38c9db
0038c9df.img,fr,s041a,38c9df
0038c9df.img,fr,s042a,38c9df
0038c9e3.img,fr,s051a,38c9e3
0038c9e3.img,fr,s052a,38c9e3
0038c9e3.img,fr,s052b,38c9e3
0038c9e7.img,fr,s061a,38c9e7
0038c9e7.img,fr,s062a,38c9e7
0038c9eb.img,fr,s071a,38c9eb
0038c9eb.img,fr,s072a,38c9eb
0038c9eb.img,fr,s072b,38c9eb
0038c9eb.img,fr,s073a,38c9eb
0038c9eb.img,fr,s073b,38c9eb
0038c9f3.img,fr,s091a,38c9f3
0038c9f3.img,fr,s091b,38c9f3
0038c9f3.img,fr,s091c,38c9f3
0038c9f3.img,fr,s092a,38c9f3
0038c9f3.img,fr,s092b,38c9f3
0038c9f3.img,fr,s092c,38c9f3
0038c9f3.img,fr,s093a,38c9f3
0038c9f3.img,fr,s093b,38c9f3
0038c9f3.img,fr,s093c,38c9f3
0038c9f3.img,fr,s152a,38c9f3
0038ca53.img,fr,s094a,38ca53
0038ca53.img,fr,s094b,38ca53
0038ca53.img,fr,s094c,38ca53
0038ca53.img,fr,s112a,38ca53
0038ca57.img,fr,s122a,38ca57
0038ca63.img,fr,s151a,38ca63
0038ca63.img,fr,s152a,38ca63
0038ca67.img,fr,s162a,38ca67
0038ca6f.img,fr,s181a,38ca6f
0038ca6f.img,fr,s182a,38ca6f
0038ca73.img,fr,s191a,38ca73
0038ca73.img,fr,s191b,38ca73
0038ca73.img,fr,s192a,38ca73
0039c9e3.img,fr,s052a,39c9e3
0039c9e3.img,fr,s052b,39c9e3
0039c9e3.img,fr,s053a,39c9e3
003d6be9.img,sp,s001a,3d6be9
003d6be9.img,sp,s003a,3d6be9
003d6be9.img,sp,v001a,3d6be9
003d6be9.img,sp,v003a,3d6be9
003d6c69.img,sp,s002a,3d6c69
003d6c69.img,sp,s004a,3d6c69
003d6ce9.img,sp,s001a,3d6ce9
003d6ce9.img,sp,s003a,3d6ce9
003d6ce9.img,sp,s004a,3d6ce9
003d6ce9.img,sp,v001a,3d6ce9
003d6ce9.img,sp,v003a,3d6ce9
003d6ce9.img,sp,v004a,3d6ce9
003d6d69.img,sp,s002a,3d6d69
003d6d69.img,sp,s003a,3d6d69
003d6d69.img,sp,s004a,3d6d69
003d6d69.img,sp,s005a,3d6d69
003d6d69.img,sp,v003a,3d6d69
003d6d69.img,sp,v004a,3d6d69
003d6d69.img,sp,v005a,3d6d69
003d6de9.img,fr,s004a,306de9
003d6de9.img,fr,s005a,306de9
003d6de9.img,fr,s006a,306de9
003d6de9.img,fr,s006b,306de9
003d6de9.img,fr,v004a,306de9
003d6de9.img,fr,v005a,306de9
003d6de9.img,fr,v006a,306de9
003d6de9.img,fr,v006b,306de9
003d6de9.img,gr,s004a,316de9
003d6de9.img,gr,s005a,316de9
003d6de9.img,gr,s006a,316de9
003d6de9.img,gr,s006b,316de9
003d6de9.img,gr,v004a,316de9
003d6de9.img,gr,v005a,316de9
003d6de9.img,gr,v006a,316de9
003d6de9.img,gr,v006b,316de9
003d6de9.img,it,s004a,336de9
003d6de9.img,it,s005a,336de9
003d6de9.img,it,s006a,336de9
003d6de9.img,it,s006b,336de9
003d6de9.img,it,v004a,336de9
003d6de9.img,it,v005a,336de9
003d6de9.img,it,v006a,336de9
003d6de9.img,it,v006b,336de9
003d6de9.img,sp,s004a,3d6de9
003d6de9.img,sp,s005a,3d6de9
003d6de9.img,sp,s006a,3d6de9
003d6de9.img,sp,s006b,3d6de9
003d6de9.img,sp,v004a,3d6de9
003d6de9.img,sp,v005a,3d6de9
003d6de9.img,sp,v006a,3d6de9
003d6de9.img,sp,v006b,3d6de9
003d6e69.img,fr,s005a,306e69
003d6e69.img,fr,s006a,306e69
003d6e69.img,fr,s006b,306e69
003d6e69.img,fr,s012a,306e69
003d6e69.img,fr,v005a,306e69
003d6e69.img,fr,v006a,306e69
003d6e69.img,fr,v006b,306e69
003d6e69.img,gr,s005a,316e69
003d6e69.img,gr,s006a,316e69
003d6e69.img,gr,s006b,316e69
003d6e69.img,gr,s012a,316e69
003d6e69.img,gr,v005a,316e69
003d6e69.img,gr,v006a,316e69
003d6e69.img,gr,v006b,316e69
003d6e69.img,it,s005a,336e69
003d6e69.img,it,s006a,336e69
003d6e69.img,it,s006b,336e69
003d6e69.img,it,s012a,336e69
003d6e69.img,it,v005a,336e69
003d6e69.img,it,v006a,336e69
003d6e69.img,it,v006b,336e69
003d6e69.img,sp,s005a,3d6e69
003d6e69.img,sp,s006a,3d6e69
003d6e69.img,sp,s006b,3d6e69
003d6e69.img,sp,s012a,3d6e69
003d6e69.img,sp,v005a,3d6e69
003d6e69.img,sp,v006a,3d6e69
003d6e69.img,sp,v006b,3d6e69
003d6ee9.img,sp,v007a,3d6ee9
003d7c69.img,fr,s006a,307c69
003d7c69.img,fr,s006b,307c69
003d7c69.img,fr,s012a,307c69
003d7c69.img,fr,s021a,307c69
003d7c69.img,gr,s006a,317c69
003d7c69.img,gr,s006b,317c69
003d7c69.img,gr,s012a,317c69
003d7c69.img,gr,s021a,317c69
003d7c69.img,it,s006a,337c69
003d7c69.img,it,s006b,337c69
003d7c69.img,it,s012a,337c69
003d7c69.img,it,s021a,337c69
003d7c69.img,sp,s006a,3d7c69
003d7c69.img,sp,s006b,3d7c69
003d7c69.img,sp,s012a,3d7c69
003d7c69.img,sp,s021a,3d7c69
003d8be9.img,sp,s012a,3d8be9
003d8be9.img,sp,s021a,3d8be9
003d8be9.img,sp,s022a,3d8be9
003d8c69.img,fr,s021a,308c69
003d8c69.img,fr,s022a,308c69
003d8c69.img,sp,s021a,3d8c69
003d8c69.img,sp,s022a,3d8c69
003d8ce9.img,sp,s022a,3d8ce9
003d8ce9.img,sp,s023a,3d8ce9
003d9be9.img,sp,s023a_0,3d9be9
003d9be9.img,sp,s031a,3d9be9
003d9be9.img,sp,s032a,3d9be9
003d9be9.img,sp,s211a_0,3d9be9
003d9c69.img,sp,s031a,3d9c69
003d9c69.img,sp,s032a,3d9c69
003d9c69.img,sp,s032b,3d9c69
003d9c69.img,sp,s033a,3d9c69
003d9ce9.img,sp,s032a,3d9ce9
003d9ce9.img,sp,s033a,3d9ce9
003d9ce9.img,sp,s041a,3d9ce9
003dabe9.img,sp,s033a,3dabe9
003dabe9.img,sp,s041a,3dabe9
003dabe9.img,sp,s042a,3dabe9
003dabe9.img,sp,s043a,3dabe9
003dac69.img,sp,s041a,3dac69
003dac69.img,sp,s042a,3dac69
003dace9.img,sp,s041a,3dace9
003dace9.img,sp,s043a,3dace9
003dace9.img,sp,s044a,3dace9
003dad69.img,sp,s043a,3dad69
003dad69.img,sp,s044a,3dad69
003dad69.img,sp,s045a,3dad69
003dad69.img,sp,s051a,3dad69
003dade9.img,sp,s044a,3dade9
003dade9.img,sp,s045a,3dade9
003dade9.img,sp,s061a,3dade9
003dbbe9.img,sp,s044a,3dbbe9
003dbbe9.img,sp,s051a,3dbbe9
003dbbe9.img,sp,s051b,3dbbe9
003dbbe9.img,sp,s052a,3dbbe9
003dbc69.img,sp,s051a,3dbc69
003dbc69.img,sp,s052a,3dbc69
003dbc69.img,sp,s052b,3dbc69
003dbc6d.img,sp,s052a,3dbc6d
003dbc6d.img,sp,s052b,3dbc6d
003dbc6d.img,sp,s053a,3dbc6d
003dbde9.img,sp,s053a,3dbde9
003dbde9.img,sp,s055a,3dbde9
003dbe69.img,sp,s053a,3dbe69
003dbe69.img,sp,s056a,3dbe69
003dcbe9.img,sp,s045a,3dcbe9
003dcbe9.img,sp,s061a,3dcbe9
003dcbe9.img,sp,s062a,3dcbe9
003dcbe9.img,sp,s063a,3dcbe9
003dcbe9.img,sp,s063b,3dcbe9
003dcc69.img,sp,s061a,3dcc69
003dcc69.img,sp,s062a,3dcc69
003dcce9.img,sp,s061a,3dcce9
003dcce9.img,sp,s063a,3dcce9
003dcce9.img,sp,s063b,3dcce9
003dcce9.img,sp,s064a,3dcce9
003dcce9.img,sp,s064b,3dcce9
003dcce9.img,sp,s065a,3dcce9
003dcce9.img,sp,s065b,3dcce9
003dcd69.img,sp,s063a,3dcd69
003dcd69.img,sp,s063b,3dcd69
003dcd69.img,sp,s064a,3dcd69
003dcd69.img,sp,s064b,3dcd69
003dcd69.img,sp,s065a,3dcd69
003dcd69.img,sp,s065b,3dcd69
003dcde9.img,sp,s063a,3dcde9
003dcde9.img,sp,s063b,3dcde9
003dcde9.img,sp,s064a,3dcde9
003dcde9.img,sp,s064b,3dcde9
003dcde9.img,sp,s065a,3dcde9
003dcde9.img,sp,s065b,3dcde9
003dcde9.img,sp,s066a,3dcde9
003dce69.img,sp,s065a,3dce69
003dce69.img,sp,s065b,3dce69
003dce69.img,sp,s066a,3dce69
003dce69.img,sp,s071a,3dce69
003ddbe9.img,sp,s066a,3ddbe9
003ddbe9.img,sp,s071a,3ddbe9
003ddbe9.img,sp,s072a,3ddbe9
003ddbe9.img,sp,s072b,3ddbe9
003ddc69.img,sp,s071a,3ddc69
003ddc69.img,sp,s072a,3ddc69
003ddc69.img,sp,s072b,3ddc69
003ddc69.img,sp,s073a,3ddc69
003ddc69.img,sp,s073b,3ddc69
003ddce9.img,sp,s072a,3ddce9
003ddce9.img,sp,s072b,3ddce9
003ddce9.img,sp,s073a,3ddce9
003ddce9.img,sp,s073b,3ddce9
003ddce9.img,sp,s074a,3ddce9
003ddce9.img,sp,s081a,3ddce9
003ddd69.img,sp,s073a,3ddd69
003ddd69.img,sp,s073b,3ddd69
003ddd69.img,sp,s074a,3ddd69
003ddd69.img,sp,s075a,3ddd69
003ddde9.img,sp,s074a,3ddde9
003ddde9.img,sp,s075a,3ddde9
003debe9.img,sp,s073a,3debe9
003debe9.img,sp,s073b,3debe9
003debe9.img,sp,s081a,3debe9
003dfbe9.img,sp,s081a,3dfbe9
003dfbe9.img,sp,s091a,3dfbe9
003dfbe9.img,sp,s091b,3dfbe9
003dfbe9.img,sp,s091c,3dfbe9
003dfbe9.img,sp,s092a,3dfbe9
003dfbe9.img,sp,s092b,3dfbe9
003dfbe9.img,sp,s092c,3dfbe9
003dfbe9.img,sp,s093a,3dfbe9
003dfbe9.img,sp,s093b,3dfbe9
003dfbe9.img,sp,s093c,3dfbe9
003dfbe9.img,sp,s094a,3dfbe9
003dfbe9.img,sp,s094b,3dfbe9
003dfbe9.img,sp,s094c,3dfbe9
003dfc69.img,sp,s091a,3dfc69
003dfc69.img,sp,s091b,3dfc69
003dfc69.img,sp,s091c,3dfc69
003dfc69.img,sp,s092a,3dfc69
003dfc69.img,sp,s092b,3dfc69
003dfc69.img,sp,s092c,3dfc69
003dfc69.img,sp,s093a,3dfc69
003dfc69.img,sp,s093b,3dfc69
003dfc69.img,sp,s093c,3dfc69
003dfc69.img,sp,s152a,3dfc69
003dfce9.img,sp,s091a,3dfce9
003dfce9.img,sp,s091b,3dfce9
003dfce9.img,sp,s091c,3dfce9
003dfce9.img,sp,s092a,3dfce9
003dfce9.img,sp,s092b,3dfce9
003dfce9.img,sp,s092c,3dfce9
003dfce9.img,sp,s093a,3dfce9
003dfce9.img,sp,s093b,3dfce9
003dfce9.img,sp,s093c,3dfce9
003dfce9.img,sp,s094a,3dfce9
003dfce9.img,sp,s094b,3dfce9
003dfce9.img,sp,s094c,3dfce9
003dfce9.img,sp,s101a,3dfce9
003dfce9.img,sp,s101b,3dfce9
003dfd69.img,sp,s091a,3dfd69
003dfd69.img,sp,s091b,3dfd69
003dfd69.img,sp,s091c,3dfd69
003dfd69.img,sp,s093a,3dfd69
003dfd69.img,sp,s093b,3dfd69
003dfd69.img,sp,s093c,3dfd69
003dfd69.img,sp,s094a,3dfd69
003dfd69.img,sp,s094b,3dfd69
003dfd69.img,sp,s094c,3dfd69
003dfd69.img,sp,s112a,3dfd69
003f6be9.img,sp,s093a,3f6be9
003f6be9.img,sp,s093b,3f6be9
003f6be9.img,sp,s093c,3f6be9
003f6be9.img,sp,s101a,3f6be9
003f6be9.img,sp,s101b,3f6be9
003f6be9.img,sp,s121a,3f6be9
003f7be9.img,sp,s111a,3f7be9
003f7be9.img,sp,s121a,3f7be9
003f7c69.img,sp,s094a,3f7c69
003f7c69.img,sp,s094b,3f7c69
003f7c69.img,sp,s094c,3f7c69
003f7c69.img,sp,s112a,3f7c69
003f7ce9.img,sp,s092a,3f7ce9
003f7ce9.img,sp,s092b,3f7ce9
003f7ce9.img,sp,s092c,3f7ce9
003f7ce9.img,sp,s113a,3f7ce9
003f8be9.img,sp,s101a,3f8be9
003f8be9.img,sp,s101b,3f8be9
003f8be9.img,sp,s111a,3f8be9
003f8be9.img,sp,s121a,3f8be9
003f8c69.img,sp,s122a,3f8c69
003fbbe9.img,fr,s151a,32bbe9
003fbbe9.img,fr,s152a,32bbe9
003fbbe9.img,gr,s151a,33bbe9
003fbbe9.img,gr,s152a,33bbe9
003fbbe9.img,it,s151a,35bbe9
003fbbe9.img,it,s152a,35bbe9
003fbbe9.img,sp,s151a,3fbbe9
003fbbe9.img,sp,s152a,3fbbe9
003fbc69.img,sp,s151a,3fbc69
003fbc69.img,sp,s152a,3fbc69
003fcbe9.img,sp,s161a,3fcbe9
003fcc69.img,sp,s162a,3fcc69
003fcce9.img,sp,s162a,3fcce9
003fcce9.img,sp,s163a,3fcce9
003fcce9.img,sp,s163b,3fcce9
003fdbe9.img,sp,s163b,3fdbe9
003fdbe9.img,sp,s171a,3fdbe9
003fdbe9.img,sp,s171b,3fdbe9
003febe9.img,sp,s181a,3febe9
003fec69.img,sp,s181a,3fec69
003fec69.img,sp,s182a,3fec69
003fece9.img,sp,s182a,3fece9
003fece9.img,sp,s183a,3fece9
003ffbe9.img,sp,s183a,3ffbe9
003ffbe9.img,sp,s191a,3ffbe9
003ffbe9.img,sp,s191b,3ffbe9
003ffc69.img,sp,s191a,3ffc69
003ffc69.img,sp,s191b,3ffc69
003ffc69.img,sp,s192a,3ffc69
00416be9.img,fr,s192a,346be9
00416be9.img,fr,s201a,346be9
00416be9.img,gr,s192a,356be9
00416be9.img,gr,s201a,356be9
00416be9.img,it,s192a,376be9
00416be9.img,it,s201a,376be9
00416be9.img,sp,s192a,416be9
00416be9.img,sp,s201a,416be9
00417be9.img,sp,s211a,417be9
00461c15.img,fr,r_sna01,461c15
00461c15.img,fr,r_sna02,461c15
00461c15.img,gr,r_sna01,461c15
00461c15.img,gr,r_sna02,461c15
00461c15.img,it,r_sna01,461c15
00461c15.img,it,r_sna02,461c15
00461c15.img,jp,r_sna01,461c15
00461c15.img,jp,r_sna02,461c15
00461c15.img,sp,r_sna01,461c15
00461c15.img,sp,r_sna02,461c15
00466f52,fr,s052b,466f52
00466f52,fr,s053a,466f52
00466f52,fr,s055a,466f52
00466f52,fr,s056a,466f52
00466f56,fr,s052b,466f56
00466f56,fr,s053a,466f56
004733d7.img,fr,charaview-normal,4733d7
004733d7.img,gr,charaview-normal,4733d7
004733d7.img,it,charaview-normal,4733d7
004733d7.img,jp,charaview-normal,4733d7
004733d7.img,sp,charaview-normal,4733d7
00476f52,gr,s052b,476f52
00476f52,gr,s053a,476f52
00476f52,gr,s055a,476f52
00476f52,gr,s056a,476f52
00476f56,gr,s052b,476f56
00476f56,gr,s053a,476f56
0047de97.img,fr,r_sna01,47de97
0047de97.img,fr,r_sna02,47de97
0047de97.img,gr,r_sna01,47de97
0047de97.img,gr,r_sna02,47de97
0047de97.img,it,r_sna01,47de97
0047de97.img,it,r_sna02,47de97
0047de97.img,jp,r_sna01,47de97
0047de97.img,jp,r_sna02,47de97
0047de97.img,sp,r_sna01,47de97
0047de97.img,sp,r_sna02,47de97
00496f52,it,s052b,496f52
00496f52,it,s053a,496f52
00496f52,it,s055a,496f52
00496f52,it,s056a,496f52
00496f56,it,s052b,496f56
00496f56,it,s053a,496f56
004a6f52,jp,s052b,4a6f52
004a6f52,jp,s053a,4a6f52
004a6f52,jp,s055a,4a6f52
004a6f52,jp,s056a,4a6f52
004a6f56,jp,s052b,4a6f56
004a6f56,jp,s053a,4a6f56
004cec39.img,fr,r_sna01,4cec39
004cec39.img,fr,r_sna02,4cec39
004cec39.img,gr,r_sna01,4cec39
004cec39.img,gr,r_sna02,4cec39
004cec39.img,it,r_sna01,4cec39
004cec39.img,it,r_sna02,4cec39
004cec39.img,jp,r_sna01,4cec39
004cec39.img,jp,r_sna02,4cec39
004cec39.img,sp,r_sna01,4cec39
004cec39.img,sp,r_sna02,4cec39
004ecb45.img,fr,charaview-normal,4ecb45
004ecb45.img,gr,charaview-normal,4ecb45
004ecb45.img,it,charaview-normal,4ecb45
004ecb45.img,jp,charaview-normal,4ecb45
004ecb45.img,sp,charaview-normal,4ecb45
004faaab.img,fr,r_sna01,4faaab
004faaab.img,fr,r_sna02,4faaab
004faaab.img,gr,r_sna01,4faaab
004faaab.img,gr,r_sna02,4faaab
004faaab.img,it,r_sna01,4faaab
004faaab.img,it,r_sna02,4faaab
004faaab.img,jp,r_sna01,4faaab
004faaab.img,jp,r_sna02,4faaab
004faaab.img,sp,r_sna01,4faaab
004faaab.img,sp,r_sna02,4faaab
00536f52.img,sp,s052b,536f52
00536f52.img,sp,s053a,536f52
00536f52.img,sp,s055a,536f52
00536f52.img,sp,s056a,536f52
00536f56.img,sp,s052b,536f56
00536f56.img,sp,s053a,536f56
00583c39.img,fr,r_sna01,583c39
00583c39.img,fr,r_sna02,583c39
00583c39.img,gr,r_sna01,583c39
00583c39.img,gr,r_sna02,583c39
00583c39.img,it,r_sna01,583c39
00583c39.img,it,r_sna02,583c39
00583c39.img,jp,r_sna01,583c39
00583c39.img,jp,r_sna02,583c39
00583c39.img,sp,r_sna01,583c39
00583c39.img,sp,r_sna02,583c39
0058c9cf.img,fr,s001a,58c9cf
0058c9cf.img,fr,s003a,58c9cf
0058c9cf.img,fr,s004a,58c9cf
0058c9cf.img,fr,v001a,58c9cf
0058c9cf.img,fr,v003a,58c9cf
0058c9cf.img,fr,v004a,58c9cf
0058c9d7.img,fr,s022a,58c9d7
0058c9d7.img,fr,s023a,58c9d7
0058c9db.img,fr,s032a,58c9db
0058c9db.img,fr,s033a,58c9db
0058c9db.img,fr,s041a,58c9db
0058c9df.img,fr,s041a,58c9df
0058c9df.img,fr,s043a,58c9df
0058c9df.img,fr,s044a,58c9df
0058c9e7.img,fr,s061a,58c9e7
0058c9e7.img,fr,s063a,58c9e7
0058c9e7.img,fr,s063b,58c9e7
0058c9e7.img,fr,s064a,58c9e7
0058c9e7.img,fr,s064b,58c9e7
0058c9e7.img,fr,s065a,58c9e7
0058c9e7.img,fr,s065b,58c9e7
0058c9eb.img,fr,s072a,58c9eb
0058c9eb.img,fr,s072b,58c9eb
0058c9eb.img,fr,s073a,58c9eb
0058c9eb.img,fr,s073b,58c9eb
0058c9eb.img,fr,s074a,58c9eb
0058c9eb.img,fr,s081a,58c9eb
0058c9f3.img,fr,s091a,58c9f3
0058c9f3.img,fr,s091b,58c9f3
0058c9f3.img,fr,s091c,58c9f3
0058c9f3.img,fr,s092a,58c9f3
0058c9f3.img,fr,s092b,58c9f3
0058c9f3.img,fr,s092c,58c9f3
0058c9f3.img,fr,s093a,58c9f3
0058c9f3.img,fr,s093b,58c9f3
0058c9f3.img,fr,s093c,58c9f3
0058c9f3.img,fr,s094a,58c9f3
0058c9f3.img,fr,s094b,58c9f3
0058c9f3.img,fr,s094c,58c9f3
0058c9f3.img,fr,s101a,58c9f3
0058c9f3.img,fr,s101b,58c9f3
0058ca53.img,fr,s092a,58ca53
0058ca53.img,fr,s092b,58ca53
0058ca53.img,fr,s092c,58ca53
0058ca53.img,fr,s113a,58ca53
0058ca67.img,fr,s162a,58ca67
0058ca67.img,fr,s163a,58ca67
0058ca67.img,fr,s163b,58ca67
0058ca6f.img,fr,s182a,58ca6f
0058ca6f.img,fr,s183a,58ca6f
005d7993.img,fr,r_sna01,5d7993
005d7993.img,fr,r_sna02,5d7993
005d7993.img,gr,r_sna01,5d7993
005d7993.img,gr,r_sna02,5d7993
005d7993.img,it,r_sna01,5d7993
005d7993.img,it,r_sna02,5d7993
005d7993.img,jp,r_sna01,5d7993
005d7993.img,jp,r_sna02,5d7993
005d7993.img,sp,r_sna01,5d7993
005d7993.img,sp,r_sna02,5d7993
005ed1e5.img,fr,charaview-normal,5ed1e5
005ed1e5.img,gr,charaview-normal,5ed1e5
005ed1e5.img,it,charaview-normal,5ed1e5
005ed1e5.img,jp,charaview-normal,5ed1e5
005ed1e5.img,sp,charaview-normal,5ed1e5
005ee3c5.img,fr,r_sna01,5ee3c5
005ee3c5.img,fr,r_sna02,5ee3c5
005ee3c5.img,gr,r_sna01,5ee3c5
005ee3c5.img,gr,r_sna02,5ee3c5
005ee3c5.img,it,r_sna01,5ee3c5
005ee3c5.img,it,r_sna02,5ee3c5
005ee3c5.img,jp,r_sna01,5ee3c5
005ee3c5.img,jp,r_sna02,5ee3c5
005ee3c5.img,sp,r_sna01,5ee3c5
005ee3c5.img,sp,r_sna02,5ee3c5
005f73b4.img,fr,r_sna01,5f73b4
005f73b4.img,fr,r_sna02,5f73b4
005f73b4.img,gr,r_sna01,5f73b4
005f73b4.img,gr,r_sna02,5f73b4
005f73b4.img,it,r_sna01,5f73b4
005f73b4.img,it,r_sna02,5f73b4
005f73b4.img,jp,r_sna01,5f73b4
005f73b4.img,jp,r_sna02,5f73b4
005f73b4.img,sp,r_sna01,5f73b4
005f73b4.img,sp,r_sna02,5f73b4
005fe3c5.img,fr,r_sna01,5fe3c5
005fe3c5.img,fr,r_sna02,5fe3c5
005fe3c5.img,gr,r_sna01,5fe3c5
005fe3c5.img,gr,r_sna02,5fe3c5
005fe3c5.img,it,r_sna01,5fe3c5
005fe3c5.img,it,r_sna02,5fe3c5
005fe3c5.img,jp,r_sna01,5fe3c5
005fe3c5.img,jp,r_sna02,5fe3c5
005fe3c5.img,sp,r_sna01,5fe3c5
005fe3c5.img,sp,r_sna02,5fe3c5
0060def0.img,fr,r_sna01,60def0
0060def0.img,fr,r_sna02,60def0
0060def0.img,gr,r_sna01,60def0
0060def0.img,gr,r_sna02,60def0
0060def0.img,it,r_sna01,60def0
0060def0.img,it,r_sna02,60def0
0060def0.img,jp,r_sna01,60def0
0060def0.img,jp,r_sna02,60def0
0060def0.img,sp,r_sna01,60def0
0060def0.img,sp,r_sna02,60def0
0060e3c5.img,fr,r_sna01,60e3c5
0060e3c5.img,fr,r_sna02,60e3c5
0060e3c5.img,gr,r_sna01,60e3c5
0060e3c5.img,gr,r_sna02,60e3c5
0060e3c5.img,it,r_sna01,60e3c5
0060e3c5.img,it,r_sna02,60e3c5
0060e3c5.img,jp,r_sna01,60e3c5
0060e3c5.img,jp,r_sna02,60e3c5
0060e3c5.img,sp,r_sna01,60e3c5
0060e3c5.img,sp,r_sna02,60e3c5
0062ded9.img,fr,r_sna01,62ded9
0062ded9.img,fr,r_sna02,62ded9
0062ded9.img,gr,r_sna01,62ded9
0062ded9.img,gr,r_sna02,62ded9
0062ded9.img,it,r_sna01,62ded9
0062ded9.img,it,r_sna02,62ded9
0062ded9.img,jp,r_sna01,62ded9
0062ded9.img,jp,r_sna02,62ded9
0062ded9.img,sp,r_sna01,62ded9
0062ded9.img,sp,r_sna02,62ded9
006377aa.img,fr,r_sna01,6377aa
006377aa.img,fr,r_sna02,6377aa
006377aa.img,gr,r_sna01,6377aa
006377aa.img,gr,r_sna02,6377aa
006377aa.img,it,r_sna01,6377aa
006377aa.img,it,r_sna02,6377aa
006377aa.img,jp,r_sna01,6377aa
006377aa.img,jp,r_sna02,6377aa
006377aa.img,sp,r_sna01,6377aa
006377aa.img,sp,r_sna02,6377aa
0065fadb.img,fr,r_sna01,65fadb
0065fadb.img,fr,r_sna02,65fadb
0065fadb.img,gr,r_sna01,65fadb
0065fadb.img,gr,r_sna02,65fadb
0065fadb.img,it,r_sna01,65fadb
0065fadb.img,it,r_sna02,65fadb
0065fadb.img,jp,r_sna01,65fadb
0065fadb.img,jp,r_sna02,65fadb
0065fadb.img,sp,r_sna01,65fadb
0065fadb.img,sp,r_sna02,65fadb
0076ded2.img,fr,r_sna01,76ded2
0076ded2.img,fr,r_sna02,76ded2
0076ded2.img,gr,r_sna01,76ded2
0076ded2.img,gr,r_sna02,76ded2
0076ded2.img,it,r_sna01,76ded2
0076ded2.img,it,r_sna02,76ded2
0076ded2.img,jp,r_sna01,76ded2
0076ded2.img,jp,r_sna02,76ded2
0076ded2.img,sp,r_sna01,76ded2
0076ded2.img,sp,r_sna02,76ded2
0078c9cf.img,fr,s002a,78c9cf
0078c9cf.img,fr,s003a,78c9cf
0078c9cf.img,fr,s004a,78c9cf
0078c9cf.img,fr,s005a,78c9cf
0078c9cf.img,fr,v003a,78c9cf
0078c9cf.img,fr,v004a,78c9cf
0078c9cf.img,fr,v005a,78c9cf
0078c9df.img,fr,s043a,78c9df
0078c9df.img,fr,s044a,78c9df
0078c9df.img,fr,s045a,78c9df
0078c9df.img,fr,s051a,78c9df
0078c9e7.img,fr,s063a,78c9e7
0078c9e7.img,fr,s063b,78c9e7
0078c9e7.img,fr,s064a,78c9e7
0078c9e7.img,fr,s064b,78c9e7
0078c9e7.img,fr,s065a,78c9e7
0078c9e7.img,fr,s065b,78c9e7
0078c9eb.img,fr,s073a,78c9eb
0078c9eb.img,fr,s073b,78c9eb
0078c9eb.img,fr,s074a,78c9eb
0078c9eb.img,fr,s075a,78c9eb
0078c9f3.img,fr,s091a,78c9f3
0078c9f3.img,fr,s091b,78c9f3
0078c9f3.img,fr,s091c,78c9f3
0078c9f3.img,fr,s093a,78c9f3
0078c9f3.img,fr,s093b,78c9f3
0078c9f3.img,fr,s093c,78c9f3
0078c9f3.img,fr,s094a,78c9f3
0078c9f3.img,fr,s094b,78c9f3
0078c9f3.img,fr,s094c,78c9f3
0078c9f3.img,fr,s112a,78c9f3
007f59aa.img,fr,r_sna01,7f59aa
007f59aa.img,fr,r_sna02,7f59aa
007f59aa.img,gr,r_sna01,7f59aa
007f59aa.img,gr,r_sna02,7f59aa
007f59aa.img,it,r_sna01,7f59aa
007f59aa.img,it,r_sna02,7f59aa
007f59aa.img,jp,r_sna01,7f59aa
007f59aa.img,jp,r_sna02,7f59aa
007f59aa.img,sp,r_sna01,7f59aa
007f59aa.img,sp,r_sna02,7f59aa
008287b5.img,fr,r_sna01,8287b5
008287b5.img,fr,r_sna02,8287b5
008287b5.img,gr,r_sna01,8287b5
008287b5.img,gr,r_sna02,8287b5
008287b5.img,it,r_sna01,8287b5
008287b5.img,it,r_sna02,8287b5
008287b5.img,jp,r_sna01,8287b5
008287b5.img,jp,r_sna02,8287b5
008287b5.img,sp,r_sna01,8287b5
008287b5.img,sp,r_sna02,8287b5
008c59bd.img,fr,r_sna01,8c59bd
008c59bd.img,fr,r_sna02,8c59bd
008c59bd.img,gr,r_sna01,8c59bd
008c59bd.img,gr,r_sna02,8c59bd
008c59bd.img,it,r_sna01,8c59bd
008c59bd.img,it,r_sna02,8c59bd
008c59bd.img,jp,r_sna01,8c59bd
008c59bd.img,jp,r_sna02,8c59bd
008c59bd.img,sp,r_sna01,8c59bd
008c59bd.img,sp,r_sna02,8c59bd
008e5121.img,fr,charaview-normal,8e5121
008e5121.img,gr,charaview-normal,8e5121
008e5121.img,it,charaview-normal,8e5121
008e5121.img,jp,charaview-normal,8e5121
008e5121.img,sp,charaview-normal,8e5121
008e9d03.img,fr,r_sna01,8e9d03
008e9d03.img,fr,r_sna02,8e9d03
008e9d03.img,gr,r_sna01,8e9d03
008e9d03.img,gr,r_sna02,8e9d03
008e9d03.img,it,r_sna01,8e9d03
008e9d03.img,it,r_sna02,8e9d03
008e9d03.img,jp,r_sna01,8e9d03
008e9d03.img,jp,r_sna02,8e9d03
008e9d03.img,sp,r_sna01,8e9d03
008e9d03.img,sp,r_sna02,8e9d03
00944f72.img,fr,charaview-normal,944f72
00944f72.img,fr,r_sna01,0fe799
00944f72.img,fr,r_sna02,0fe799
00944f72.img,gr,charaview-normal,944f72
00944f72.img,gr,r_sna01,0fe799
00944f72.img,gr,r_sna02,0fe799
00944f72.img,it,charaview-normal,944f72
00944f72.img,it,r_sna01,0fe799
00944f72.img,it,r_sna02,0fe799
00944f72.img,jp,charaview-normal,944f72
00944f72.img,jp,r_sna01,0fe799
00944f72.img,jp,r_sna02,0fe799
00944f72.img,sp,charaview-normal,944f72
00944f72.img,sp,r_sna01,0fe799
00944f72.img,sp,r_sna02,0fe799
0098c9cf.img,fr,s004a,98c9cf
0098c9cf.img,fr,s005a,98c9cf
0098c9cf.img,fr,s006a,98c9cf
0098c9cf.img,fr,s006b,98c9cf
0098c9cf.img,fr,v004a,98c9cf
0098c9cf.img,fr,v005a,98c9cf
0098c9cf.img,fr,v006a,98c9cf
0098c9cf.img,fr,v006b,98c9cf
0098c9df.img,fr,s044a,98c9df
0098c9df.img,fr,s045a,98c9df
0098c9df.img,fr,s061a,98c9df
0098c9e3.img,fr,s053a,98c9e3
0098c9e3.img,fr,s055a,98c9e3
0098c9e7.img,fr,s063a,98c9e7
0098c9e7.img,fr,s063b,98c9e7
0098c9e7.img,fr,s064a,98c9e7
0098c9e7.img,fr,s064b,98c9e7
0098c9e7.img,fr,s065a,98c9e7
0098c9e7.img,fr,s065b,98c9e7
0098c9e7.img,fr,s066a,98c9e7
0098c9eb.img,fr,s074a,98c9eb
0098c9eb.img,fr,s075a,98c9eb
00999367.img,fr,charaview-normal,999367
00999367.img,gr,charaview-normal,999367
00999367.img,it,charaview-normal,999367
00999367.img,jp,charaview-normal,999367
00999367.img,sp,charaview-normal,999367
009b2164.img,fr,charaview-normal,9b2164
009b2164.img,gr,charaview-normal,9b2164
009b2164.img,it,charaview-normal,9b2164
009b2164.img,jp,charaview-normal,9b2164
009b2164.img,sp,charaview-normal,9b2164
00a2aa3e.img,fr,r_sna01,a2aa3e
00a2aa3e.img,fr,r_sna02,a2aa3e
00a2aa3e.img,gr,r_sna01,a2aa3e
00a2aa3e.img,gr,r_sna02,a2aa3e
00a2aa3e.img,it,r_sna01,a2aa3e
00a2aa3e.img,it,r_sna02,a2aa3e
00a2aa3e.img,jp,r_sna01,a2aa3e
00a2aa3e.img,jp,r_sna02,a2aa3e
00a2aa3e.img,sp,r_sna01,a2aa3e
00a2aa3e.img,sp,r_sna02,a2aa3e
00a3a885.img,fr,r_sna01,a3a885
00a3a885.img,fr,r_sna02,a3a885
00a3a885.img,gr,r_sna01,a3a885
00a3a885.img,gr,r_sna02,a3a885
00a3a885.img,it,r_sna01,a3a885
00a3a885.img,it,r_sna02,a3a885
00a3a885.img,jp,r_sna01,a3a885
00a3a885.img,jp,r_sna02,a3a885
00a3a885.img,sp,r_sna01,a3a885
00a3a885.img,sp,r_sna02,a3a885
00a4aedb.img,fr,r_sna01,a4aedb
00a4aedb.img,fr,r_sna02,a4aedb
00a4aedb.img,gr,r_sna01,a4aedb
00a4aedb.img,gr,r_sna02,a4aedb
00a4aedb.img,it,r_sna01,a4aedb
00a4aedb.img,it,r_sna02,a4aedb
00a4aedb.img,jp,r_sna01,a4aedb
00a4aedb.img,jp,r_sna02,a4aedb
00a4aedb.img,sp,r_sna01,a4aedb
00a4aedb.img,sp,r_sna02,a4aedb
00acdea9.img,fr,r_sna01,acdea9
00acdea9.img,fr,r_sna02,acdea9
00acdea9.img,gr,r_sna01,acdea9
00acdea9.img,gr,r_sna02,acdea9
00acdea9.img,it,r_sna01,acdea9
00acdea9.img,it,r_sna02,acdea9
00acdea9.img,jp,r_sna01,acdea9
00acdea9.img,jp,r_sna02,acdea9
00acdea9.img,sp,r_sna01,acdea9
00acdea9.img,sp,r_sna02,acdea9
00b74807.img,fr,charaview-normal,b74807
00b74807.img,gr,charaview-normal,b74807
00b74807.img,it,charaview-normal,b74807
00b74807.img,jp,charaview-normal,b74807
00b74807.img,sp,charaview-normal,b74807
00b8c9cf.img,fr,s005a,b8c9cf
00b8c9cf.img,fr,s006a,b8c9cf
00b8c9cf.img,fr,s006b,b8c9cf
00b8c9cf.img,fr,s012a,b8c9cf
00b8c9cf.img,fr,v005a,b8c9cf
00b8c9cf.img,fr,v006a,b8c9cf
00b8c9cf.img,fr,v006b,b8c9cf
00b8c9e3.img,fr,s053a,b8c9e3
00b8c9e3.img,fr,s056a,b8c9e3
00b8c9e7.img,fr,s065a,b8c9e7
00b8c9e7.img,fr,s065b,b8c9e7
00b8c9e7.img,fr,s066a,b8c9e7
00b8c9e7.img,fr,s071a,b8c9e7
00bbb0ad.img,fr,r_sna01,bbb0ad
00bbb0ad.img,fr,r_sna02,bbb0ad
00bbb0ad.img,gr,r_sna01,bbb0ad
00bbb0ad.img,gr,r_sna02,bbb0ad
00bbb0ad.img,it,r_sna01,bbb0ad
00bbb0ad.img,it,r_sna02,bbb0ad
00bbb0ad.img,jp,r_sna01,bbb0ad
00bbb0ad.img,jp,r_sna02,bbb0ad
00bbb0ad.img,sp,r_sna01,bbb0ad
00bbb0ad.img,sp,r_sna02,bbb0ad
00bd49ca.img,fr,r_sna01,bd49ca
00bd49ca.img,fr,r_sna02,bd49ca
00bd49ca.img,gr,r_sna01,bd49ca
00bd49ca.img,gr,r_sna02,bd49ca
00bd49ca.img,it,r_sna01,bd49ca
00bd49ca.img,it,r_sna02,bd49ca
00bd49ca.img,jp,r_sna01,bd49ca
00bd49ca.img,jp,r_sna02,bd49ca
00bd49ca.img,sp,r_sna01,bd49ca
00bd49ca.img,sp,r_sna02,bd49ca
00bd89a1.img,fr,r_sna01,bd89a1
00bd89a1.img,fr,r_sna02,bd89a1
00bd89a1.img,gr,r_sna01,bd89a1
00bd89a1.img,gr,r_sna02,bd89a1
00bd89a1.img,it,r_sna01,bd89a1
00bd89a1.img,it,r_sna02,bd89a1
00bd89a1.img,jp,r_sna01,bd89a1
00bd89a1.img,jp,r_sna02,bd89a1
00bd89a1.img,sp,r_sna01,bd89a1
00bd89a1.img,sp,r_sna02,bd89a1
00bfa83f.img,fr,r_sna01,bfa83f
00bfa83f.img,fr,r_sna02,bfa83f
00bfa83f.img,gr,r_sna01,bfa83f
00bfa83f.img,gr,r_sna02,bfa83f
00bfa83f.img,it,r_sna01,bfa83f
00bfa83f.img,it,r_sna02,bfa83f
00bfa83f.img,jp,r_sna01,bfa83f
00bfa83f.img,jp,r_sna02,bfa83f
00bfa83f.img,sp,r_sna01,bfa83f
00bfa83f.img,sp,r_sna02,bfa83f
00c0a83f.img,fr,r_sna01,c0a83f
00c0a83f.img,fr,r_sna02,c0a83f
00c0a83f.img,gr,r_sna01,c0a83f
00c0a83f.img,gr,r_sna02,c0a83f
00c0a83f.img,it,r_sna01,c0a83f
00c0a83f.img,it,r_sna02,c0a83f
00c0a83f.img,jp,r_sna01,c0a83f
00c0a83f.img,jp,r_sna02,c0a83f
00c0a83f.img,sp,r_sna01,c0a83f
00c0a83f.img,sp,r_sna02,c0a83f
00c0be86.img,fr,r_sna01,c0be86
00c0be86.img,fr,r_sna02,c0be86
00c0be86.img,gr,r_sna01,c0be86
00c0be86.img,gr,r_sna02,c0be86
00c0be86.img,it,r_sna01,c0be86
00c0be86.img,it,r_sna02,c0be86
00c0be86.img,jp,r_sna01,c0be86
00c0be86.img,jp,r_sna02,c0be86
00c0be86.img,sp,r_sna01,c0be86
00c0be86.img,sp,r_sna02,c0be86
00c1a83f.img,fr,r_sna01,c1a83f
00c1a83f.img,fr,r_sna02,c1a83f
00c1a83f.img,gr,r_sna01,c1a83f
00c1a83f.img,gr,r_sna02,c1a83f
00c1a83f.img,it,r_sna01,c1a83f
00c1a83f.img,it,r_sna02,c1a83f
00c1a83f.img,jp,r_sna01,c1a83f
00c1a83f.img,jp,r_sna02,c1a83f
00c1a83f.img,sp,r_sna01,c1a83f
00c1a83f.img,sp,r_sna02,c1a83f
00c2a83f.img,fr,r_sna01,c2a83f
00c2a83f.img,fr,r_sna02,c2a83f
00c2a83f.img,gr,r_sna01,c2a83f
00c2a83f.img,gr,r_sna02,c2a83f
00c2a83f.img,it,r_sna01,c2a83f
00c2a83f.img,it,r_sna02,c2a83f
00c2a83f.img,jp,r_sna01,c2a83f
00c2a83f.img,jp,r_sna02,c2a83f
00c2a83f.img,sp,r_sna01,c2a83f
00c2a83f.img,sp,r_sna02,c2a83f
00ca1ad1.img,fr,r_sna01,ca1ad1
00ca1ad1.img,fr,r_sna02,ca1ad1
00ca1ad1.img,gr,r_sna01,ca1ad1
00ca1ad1.img,gr,r_sna02,ca1ad1
00ca1ad1.img,it,r_sna01,ca1ad1
00ca1ad1.img,it,r_sna02,ca1ad1
00ca1ad1.img,jp,r_sna01,ca1ad1
00ca1ad1.img,jp,r_sna02,ca1ad1
00ca1ad1.img,sp,r_sna01,ca1ad1
00ca1ad1.img,sp,r_sna02,ca1ad1
00d2ded2.img,fr,r_sna01,d2ded2
00d2ded2.img,fr,r_sna02,d2ded2
00d2ded2.img,gr,r_sna01,d2ded2
00d2ded2.img,gr,r_sna02,d2ded2
00d2ded2.img,it,r_sna01,d2ded2
00d2ded2.img,it,r_sna02,d2ded2
00d2ded2.img,jp,r_sna01,d2ded2
00d2ded2.img,jp,r_sna02,d2ded2
00d2ded2.img,sp,r_sna01,d2ded2
00d2ded2.img,sp,r_sna02,d2ded2
00d31745.img,fr,charaview-normal,d31745
00d31745.img,gr,charaview-normal,d31745
00d31745.img,it,charaview-normal,d31745
00d31745.img,jp,charaview-normal,d31745
00d31745.img,sp,charaview-normal,d31745
00d476d8.img,fr,r_sna01,d476d8
00d476d8.img,fr,r_sna02,d476d8
00d476d8.img,gr,r_sna01,d476d8
00d476d8.img,gr,r_sna02,d476d8
00d476d8.img,it,r_sna01,d476d8
00d476d8.img,it,r_sna02,d476d8
00d476d8.img,jp,r_sna01,d476d8
00d476d8.img,jp,r_sna02,d476d8
00d476d8.img,sp,r_sna01,d476d8
00d476d8.img,sp,r_sna02,d476d8
00d5cd7d.img,fr,charaview-normal,d5cd7d
00d5cd7d.img,gr,charaview-normal,d5cd7d
00d5cd7d.img,it,charaview-normal,d5cd7d
00d5cd7d.img,jp,charaview-normal,d5cd7d
00d5cd7d.img,sp,charaview-normal,d5cd7d
00d5def0.img,fr,r_sna01,d5def0
00d5def0.img,fr,r_sna02,d5def0
00d5def0.img,gr,r_sna01,d5def0
00d5def0.img,gr,r_sna02,d5def0
00d5def0.img,it,r_sna01,d5def0
00d5def0.img,it,r_sna02,d5def0
00d5def0.img,jp,r_sna01,d5def0
00d5def0.img,jp,r_sna02,d5def0
00d5def0.img,sp,r_sna01,d5def0
00d5def0.img,sp,r_sna02,d5def0
00d6eac6.img,fr,r_sna01,d6eac6
00d6eac6.img,fr,r_sna02,d6eac6
00d6eac6.img,gr,r_sna01,d6eac6
00d6eac6.img,gr,r_sna02,d6eac6
00d6eac6.img,it,r_sna01,d6eac6
00d6eac6.img,it,r_sna02,d6eac6
00d6eac6.img,jp,r_sna01,d6eac6
00d6eac6.img,jp,r_sna02,d6eac6
00d6eac6.img,sp,r_sna01,d6eac6
00d6eac6.img,sp,r_sna02,d6eac6
00d89049.img,fr,r_sna01,d89049
00d89049.img,fr,r_sna02,d89049
00d89049.img,gr,r_sna01,d89049
00d89049.img,gr,r_sna02,d89049
00d89049.img,it,r_sna01,d89049
00d89049.img,it,r_sna02,d89049
00d89049.img,jp,r_sna01,d89049
00d89049.img,jp,r_sna02,d89049
00d89049.img,sp,r_sna01,d89049
00d89049.img,sp,r_sna02,d89049
00d8c9cf.img,fr,v007a,d8c9cf
00da3e27.img,fr,r_sna01,da3e27
00da3e27.img,fr,r_sna02,da3e27
00da3e27.img,gr,r_sna01,da3e27
00da3e27.img,gr,r_sna02,da3e27
00da3e27.img,it,r_sna01,da3e27
00da3e27.img,it,r_sna02,da3e27
00da3e27.img,jp,r_sna01,da3e27
00da3e27.img,jp,r_sna02,da3e27
00da3e27.img,sp,r_sna01,da3e27
00da3e27.img,sp,r_sna02,da3e27
00df7f97.img,fr,charaview-normal,df7f97
00df7f97.img,gr,charaview-normal,df7f97
00df7f97.img,it,charaview-normal,df7f97
00df7f97.img,jp,charaview-normal,df7f97
00df7f97.img,sp,charaview-normal,df7f97
00e338a3.img,fr,r_sna01,e338a3
00e338a3.img,fr,r_sna02,e338a3
00e338a3.img,gr,r_sna01,e338a3
00e338a3.img,gr,r_sna02,e338a3
00e338a3.img,it,r_sna01,e338a3
00e338a3.img,it,r_sna02,e338a3
00e338a3.img,jp,r_sna01,e338a3
00e338a3.img,jp,r_sna02,e338a3
00e338a3.img,sp,r_sna01,e338a3
00e338a3.img,sp,r_sna02,e338a3
00e3e4ba.img,fr,r_sna01,e3e4ba
00e3e4ba.img,fr,r_sna02,e3e4ba
00e3e4ba.img,gr,r_sna01,e3e4ba
00e3e4ba.img,gr,r_sna02,e3e4ba
00e3e4ba.img,it,r_sna01,e3e4ba
00e3e4ba.img,it,r_sna02,e3e4ba
00e3e4ba.img,jp,r_sna01,e3e4ba
00e3e4ba.img,jp,r_sna02,e3e4ba
00e3e4ba.img,sp,r_sna01,e3e4ba
00e3e4ba.img,sp,r_sna02,e3e4ba
00e69824.img,fr,r_sna01,e69824
00e69824.img,fr,r_sna02,e69824
00e69824.img,gr,r_sna01,e69824
00e69824.img,gr,r_sna02,e69824
00e69824.img,it,r_sna01,e69824
00e69824.img,it,r_sna02,e69824
00e69824.img,jp,r_sna01,e69824
00e69824.img,jp,r_sna02,e69824
00e69824.img,sp,r_sna01,e69824
00e69824.img,sp,r_sna02,e69824
00e786c5.img,fr,charaview-normal,e786c5
00e786c5.img,gr,charaview-normal,e786c5
00e786c5.img,it,charaview-normal,e786c5
00e786c5.img,jp,charaview-normal,e786c5
00e786c5.img,sp,charaview-normal,e786c5
00e84efe.img,fr,r_sna01,e84efe
00e84efe.img,fr,r_sna02,e84efe
00e84efe.img,gr,r_sna01,e84efe
00e84efe.img,gr,r_sna02,e84efe
00e84efe.img,it,r_sna01,e84efe
00e84efe.img,it,r_sna02,e84efe
00e84efe.img,jp,r_sna01,e84efe
00e84efe.img,jp,r_sna02,e84efe
00e84efe.img,sp,r_sna01,e84efe
00e84efe.img,sp,r_sna02,e84efe
00efa8aa.img,fr,r_sna01,efa8aa
00efa8aa.img,fr,r_sna02,efa8aa
00efa8aa.img,gr,r_sna01,efa8aa
00efa8aa.img,gr,r_sna02,efa8aa
00efa8aa.img,it,r_sna01,efa8aa
00efa8aa.img,it,r_sna02,efa8aa
00efa8aa.img,jp,r_sna01,efa8aa
00efa8aa.img,jp,r_sna02,efa8aa
00efa8aa.img,sp,r_sna01,efa8aa
00efa8aa.img,sp,r_sna02,efa8aa
00f30f4f.img,fr,s052b,f30f4f
00f30f4f.img,fr,s053a,f30f4f
00f30f4f.img,fr,s055a,f30f4f
00f30f4f.img,fr,s056a,f30f4f
00f40f4f.img,fr,s052b,f40f4f
00f40f4f.img,fr,s053a,f40f4f
00f5bdc3.img,fr,r_sna01,f5bdc3
00f5bdc3.img,fr,r_sna02,f5bdc3
00f5bdc3.img,gr,r_sna01,f5bdc3
00f5bdc3.img,gr,r_sna02,f5bdc3
00f5bdc3.img,it,r_sna01,f5bdc3
00f5bdc3.img,it,r_sna02,f5bdc3
00f5bdc3.img,jp,r_sna01,f5bdc3
00f5bdc3.img,jp,r_sna02,f5bdc3
00f5bdc3.img,sp,r_sna01,f5bdc3
00f5bdc3.img,sp,r_sna02,f5bdc3
00fa2962.img,fr,r_sna01,fa2962
00fa2962.img,fr,r_sna02,fa2962
00fa2962.img,gr,r_sna01,fa2962
00fa2962.img,gr,r_sna02,fa2962
00fa2962.img,it,r_sna01,fa2962
00fa2962.img,it,r_sna02,fa2962
00fa2962.img,jp,r_sna01,fa2962
00fa2962.img,jp,r_sna02,fa2962
00fa2962.img,sp,r_sna01,fa2962
00fa2962.img,sp,r_sna02,fa2962
sna_face_def.bmp,fr,facepaint-none,03a157
sna_face_def.bmp,gr,facepaint-none,03a157
sna_face_def.bmp,it,facepaint-none,03a157
sna_face_def.bmp,jp,facepaint-none,03a157
sna_face_def.bmp,sp,facepaint-none,03a157
sna_face_def.bmp_bbe58170874ef112ad7f8269143d4430,fr,facepaint-none_vr,03a157
sna_face_def.bmp_bbe58170874ef112ad7f8269143d4430,gr,facepaint-none_vr,03a157
sna_face_def.bmp_bbe58170874ef112ad7f8269143d4430,it,facepaint-none_vr,03a157
sna_face_def.bmp_bbe58170874ef112ad7f8269143d4430,jp,facepaint-none_vr,03a157
sna_face_def.bmp_bbe58170874ef112ad7f8269143d4430,sp,facepaint-none_vr,03a157